date,dollars_per_barrel
01/04/00,25.56
01/05/00,24.65
01/06/00,24.79
01/07/00,24.79
01/10/00,24.71
01/11/00,25.69
01/12/00,26.3
01/13/00,26.63
01/14/00,28.01
01/18/00,28.98
01/19/00,29.11
01/20/00,29.67
01/21/00,29.71
01/24/00,29.25
01/25/00,30.28
01/26/00,27.66
01/27/00,27.22
01/28/00,27.27
01/31/00,27.65
02/01/00,28.28
02/02/00,27.52
02/03/00,28.26
02/04/00,28.67
02/07/00,28.4
02/08/00,28.05
02/09/00,28.71
02/10/00,29.49
02/11/00,29.51
02/14/00,30.3
02/15/00,30.17
02/16/00,30.01
02/17/00,29.37
02/18/00,29.51
02/22/00,29.63
02/23/00,30.19
02/24/00,30.23
02/25/00,30.34
02/28/00,30.11
02/29/00,30.57
03/01/00,31.71
03/02/00,31.51
03/03/00,31.46
03/06/00,32.19
03/07/00,33.9
03/08/00,31.22
03/09/00,31.61
03/10/00,31.76
03/13/00,32.11
03/14/00,31.93
03/15/00,30.47
03/16/00,31.1
03/17/00,30.86
03/20/00,29.33
03/21/00,28.01
03/22/00,27.28
03/23/00,27.47
03/24/00,27.86
03/27/00,27.59
03/28/00,27.1
03/29/00,26.36
03/30/00,26.67
03/31/00,26.86
04/03/00,26.28
04/04/00,25.46
04/05/00,25.76
04/06/00,25.51
04/07/00,24.97
04/10/00,23.91
04/11/00,24.17
04/12/00,25.49
04/13/00,25.29
04/14/00,25.48
04/17/00,26.06
04/18/00,25.92
04/19/00,27.38
04/20/00,27.29
04/24/00,27.41
04/25/00,26.41
04/26/00,24.69
04/27/00,25.53
04/28/00,25.71
05/01/00,25.84
05/02/00,26.86
05/03/00,26.6
05/04/00,27.08
05/05/00,27.37
05/08/00,28.05
05/09/00,28.46
05/10/00,28.1
05/11/00,29.25
05/12/00,29.64
05/15/00,29.95
05/16/00,29.76
05/17/00,29.38
05/18/00,30.28
05/19/00,30.02
05/22/00,28.62
05/23/00,28.61
05/24/00,29.89
05/25/00,30.43
05/26/00,29.76
05/30/00,30.36
05/31/00,29.03
06/01/00,30.19
06/02/00,30.34
06/05/00,29.87
06/06/00,29.78
06/07/00,29.29
06/08/00,29.78
06/09/00,30.22
06/12/00,31.76
06/13/00,32.73
06/14/00,32.72
06/15/00,32.7
06/16/00,32.35
06/19/00,31.57
06/20/00,33.07
06/21/00,33.64
06/22/00,34.72
06/23/00,34.76
06/26/00,31.56
06/27/00,32.01
06/28/00,31.86
06/29/00,32.73
06/30/00,32.44
07/05/00,30.76
07/06/00,30.19
07/07/00,30.26
07/10/00,29.51
07/11/00,29.61
07/12/00,30.34
07/13/00,31.41
07/14/00,31.31
07/17/00,30.71
07/18/00,31.94
07/19/00,31.1
07/20/00,30.94
07/21/00,28.56
07/24/00,27.97
07/25/00,27.89
07/26/00,27.81
07/27/00,28.21
07/28/00,28.22
07/31/00,27.5
08/01/00,27.85
08/02/00,28.27
08/03/00,28.92
08/04/00,29.94
08/07/00,28.93
08/08/00,29.26
08/09/00,30.38
08/10/00,31.09
08/11/00,31.02
08/14/00,31.92
08/15/00,31.43
08/16/00,31.91
08/17/00,31.88
08/18/00,31.97
08/21/00,32.42
08/22/00,31.24
08/23/00,31.23
08/24/00,33.41
08/25/00,34.01
08/28/00,32.92
08/29/00,32.73
08/30/00,33.25
08/31/00,33.09
09/01/00,33.42
09/05/00,33.92
09/06/00,34.97
09/07/00,35.18
09/08/00,33.62
09/11/00,35.14
09/12/00,34.25
09/13/00,33.87
09/14/00,34.37
09/15/00,35.87
09/18/00,36.75
09/19/00,36.96
09/20/00,37.22
09/21/00,33.84
09/22/00,32.66
09/25/00,31.5
09/26/00,31.78
09/27/00,31.23
09/28/00,30.26
09/29/00,30.87
10/02/00,32.05
10/03/00,31.86
10/04/00,30.91
10/05/00,30.66
10/06/00,30.86
10/09/00,31.98
10/10/00,33.29
10/11/00,33.2
10/12/00,36.06
10/13/00,34.96
10/16/00,33.18
10/17/00,33.36
10/18/00,33.51
10/19/00,33.06
10/20/00,34.31
10/23/00,34.9
10/24/00,34.53
10/25/00,33.62
10/26/00,33.75
10/27/00,32.78
10/30/00,32.86
10/31/00,32.7
11/01/00,33.14
11/02/00,32.59
11/03/00,32.62
11/06/00,33.02
11/07/00,33.44
11/08/00,32.92
11/09/00,33.87
11/10/00,34.05
11/13/00,34.3
11/14/00,34.72
11/15/00,35.54
11/16/00,34.84
11/17/00,35.62
11/20/00,35.98
11/21/00,35.54
11/22/00,36.06
11/24/00,36.06
11/27/00,36.24
11/28/00,34.02
11/29/00,34.58
11/30/00,33.61
12/01/00,32.06
12/04/00,31.28
12/05/00,29.25
12/06/00,30.24
12/07/00,29.36
12/08/00,28.31
12/11/00,29.75
12/12/00,29.81
12/13/00,28.75
12/14/00,28.06
12/15/00,28.86
12/18/00,29.52
12/19/00,29.34
12/20/00,25.83
12/21/00,26.06
12/22/00,26.16
12/26/00,27.0
12/27/00,26.55
12/28/00,25.82
12/29/00,26.72
01/02/01,27.29
01/03/01,27.93
01/04/01,27.95
01/05/01,28.02
01/08/01,27.44
01/09/01,27.72
01/10/01,29.42
01/11/01,29.42
01/12/01,30.07
01/16/01,30.19
01/17/01,29.77
01/18/01,30.42
01/19/01,32.12
01/22/01,32.21
01/23/01,31.66
01/24/01,31.46
01/25/01,31.61
01/26/01,29.79
01/29/01,29.07
01/30/01,29.12
01/31/01,28.62
02/01/01,29.88
02/02/01,31.27
02/05/01,30.55
02/06/01,30.27
02/07/01,31.27
02/08/01,31.57
02/09/01,30.93
02/12/01,30.52
02/13/01,30.12
02/14/01,29.55
02/15/01,28.96
02/16/01,29.22
02/20/01,28.6
02/21/01,28.64
02/22/01,28.52
02/23/01,28.83
02/26/01,28.27
02/27/01,28.26
02/28/01,27.35
03/01/01,27.78
03/02/01,27.89
03/05/01,28.61
03/06/01,28.4
03/07/01,28.95
03/08/01,28.31
03/09/01,27.97
03/12/01,27.91
03/13/01,27.45
03/14/01,26.49
03/15/01,26.56
03/16/01,26.68
03/19/01,26.17
03/20/01,25.99
03/21/01,26.43
03/22/01,26.19
03/23/01,27.31
03/26/01,27.4
03/27/01,27.62
03/28/01,26.43
03/29/01,26.47
03/30/01,26.37
04/02/01,25.7
04/03/01,26.65
04/04/01,27.16
04/05/01,27.24
04/06/01,27.07
04/09/01,27.45
04/10/01,28.47
04/11/01,28.42
04/12/01,28.75
04/16/01,28.81
04/17/01,27.89
04/18/01,27.83
04/19/01,27.92
04/20/01,27.0
04/23/01,26.97
04/24/01,25.24
04/25/01,25.93
04/26/01,28.47
04/27/01,28.35
04/30/01,28.48
05/01/01,28.37
05/02/01,27.89
05/03/01,28.66
05/04/01,28.41
05/07/01,27.79
05/08/01,27.35
05/09/01,28.39
05/10/01,28.5
05/11/01,28.59
05/14/01,28.83
05/15/01,28.9
05/16/01,28.77
05/17/01,29.02
05/18/01,29.9
05/21/01,29.96
05/22/01,29.75
05/23/01,28.85
05/24/01,27.97
05/25/01,28.08
05/29/01,28.76
05/30/01,28.71
05/31/01,28.39
06/01/01,27.88
06/04/01,28.14
06/05/01,27.84
06/06/01,27.56
06/07/01,27.91
06/08/01,28.43
06/11/01,28.94
06/12/01,29.13
06/13/01,28.81
06/14/01,29.12
06/15/01,28.52
06/18/01,27.55
06/19/01,27.49
06/20/01,26.52
06/21/01,26.85
06/22/01,27.02
06/25/01,27.11
06/26/01,26.97
06/27/01,25.67
06/28/01,25.75
06/29/01,26.37
07/02/01,26.02
07/03/01,26.28
07/05/01,27.07
07/06/01,28.1
07/09/01,27.63
07/10/01,27.22
07/11/01,27.07
07/12/01,26.85
07/13/01,26.57
07/16/01,26.02
07/17/01,25.33
07/18/01,24.65
07/19/01,24.65
07/20/01,25.67
07/23/01,25.88
07/24/01,26.18
07/25/01,26.71
07/26/01,26.74
07/27/01,26.98
07/30/01,26.6
07/31/01,26.7
08/01/01,26.83
08/02/01,27.86
08/03/01,27.51
08/06/01,27.7
08/07/01,28.17
08/08/01,27.62
08/09/01,27.72
08/10/01,28.12
08/13/01,27.85
08/14/01,28.1
08/15/01,27.51
08/16/01,27.47
08/17/01,26.65
08/20/01,27.2
08/21/01,27.93
08/22/01,27.17
08/23/01,25.63
08/24/01,28.34
08/27/01,26.69
08/28/01,27.16
08/29/01,27.07
08/30/01,26.65
08/31/01,26.65
09/04/01,26.94
09/05/01,27.03
09/06/01,27.54
09/07/01,27.99
09/10/01,27.66
09/11/01,27.65
09/12/01,27.64
09/13/01,28.58
09/14/01,29.59
09/17/01,28.84
09/18/01,27.81
09/19/01,26.73
09/20/01,26.6
09/21/01,25.46
09/24/01,21.46
09/25/01,21.63
09/26/01,22.4
09/27/01,22.8
09/28/01,23.44
10/01/01,23.12
10/02/01,22.7
10/03/01,22.17
10/04/01,22.7
10/05/01,22.32
10/08/01,22.25
10/09/01,22.55
10/10/01,22.51
10/11/01,23.49
10/12/01,22.49
10/15/01,22.37
10/16/01,22.01
10/17/01,21.89
10/18/01,21.33
10/19/01,21.99
10/22/01,21.78
10/23/01,21.28
10/24/01,22.0
10/25/01,21.75
10/26/01,22.07
10/29/01,22.1
10/30/01,21.83
10/31/01,21.2
11/01/01,20.47
11/02/01,20.24
11/05/01,20.0
11/06/01,19.93
11/07/01,20.11
11/08/01,21.21
11/09/01,22.23
11/12/01,21.26
11/13/01,21.56
11/14/01,19.63
11/15/01,17.5
11/16/01,18.09
11/19/01,17.74
11/20/01,18.71
11/21/01,18.38
11/26/01,18.69
11/27/01,19.57
11/28/01,19.37
11/29/01,18.55
11/30/01,19.46
12/03/01,20.27
12/04/01,19.71
12/05/01,19.62
12/06/01,18.69
12/07/01,19.08
12/10/01,18.32
12/11/01,18.04
12/12/01,18.38
12/13/01,18.2
12/14/01,19.31
12/17/01,19.28
12/18/01,19.38
12/19/01,19.37
12/20/01,18.67
12/21/01,19.3
12/26/01,21.32
12/27/01,21.07
12/28/01,20.42
12/31/01,19.96
01/02/02,21.13
01/03/02,20.65
01/04/02,21.47
01/07/02,21.42
01/08/02,20.82
01/09/02,20.32
01/10/02,20.48
01/11/02,19.67
01/14/02,18.88
01/15/02,18.99
01/16/02,18.96
01/17/02,18.2
01/18/02,18.02
01/22/02,18.36
01/23/02,19.1
01/24/02,19.57
01/25/02,19.8
01/28/02,20.05
01/29/02,19.3
01/30/02,19.11
01/31/02,19.71
02/01/02,20.4
02/04/02,20.02
02/05/02,20.06
02/06/02,19.77
02/07/02,19.75
02/08/02,20.25
02/11/02,21.29
02/12/02,20.76
02/13/02,21.19
02/14/02,21.19
02/15/02,21.47
02/19/02,20.77
02/20/02,20.31
02/21/02,20.81
02/22/02,20.92
02/25/02,20.24
02/26/02,21.37
02/27/02,21.4
02/28/02,21.78
03/01/02,22.37
03/04/02,22.55
03/05/02,23.18
03/06/02,23.32
03/07/02,23.62
03/08/02,23.87
03/11/02,24.36
03/12/02,24.55
03/13/02,24.14
03/14/02,24.48
03/15/02,24.47
03/18/02,25.03
03/19/02,25.02
03/20/02,24.92
03/21/02,25.74
03/22/02,25.56
03/25/02,25.69
03/26/02,25.75
03/27/02,25.79
03/28/02,26.21
04/01/02,26.82
04/02/02,27.75
04/03/02,27.55
04/04/02,26.64
04/05/02,26.21
04/08/02,26.16
04/09/02,25.45
04/10/02,26.15
04/11/02,24.93
04/12/02,23.51
04/15/02,24.53
04/16/02,24.92
04/17/02,25.94
04/18/02,25.86
04/19/02,26.43
04/22/02,26.28
04/23/02,26.28
04/24/02,26.28
04/25/02,26.36
04/26/02,27.12
04/29/02,27.45
04/30/02,27.32
05/01/02,26.58
05/02/02,26.31
05/03/02,26.75
05/06/02,26.11
05/07/02,26.79
05/08/02,27.76
05/09/02,27.78
05/10/02,27.92
05/13/02,28.62
05/14/02,29.17
05/15/02,28.17
05/16/02,28.0
05/17/02,28.19
05/20/02,28.24
05/21/02,27.35
05/22/02,27.01
05/23/02,26.6
05/24/02,26.69
05/28/02,25.08
05/29/02,25.64
05/30/02,24.78
05/31/02,25.37
06/03/02,25.1
06/04/02,25.32
06/05/02,25.02
06/06/02,24.89
06/07/02,24.72
06/10/02,24.24
06/11/02,24.21
06/12/02,24.79
06/13/02,25.54
06/14/02,25.9
06/17/02,25.98
06/18/02,25.36
06/19/02,25.57
06/20/02,25.62
06/21/02,25.51
06/24/02,26.31
06/25/02,26.06
06/26/02,26.67
06/27/02,26.77
06/28/02,26.79
07/01/02,26.79
07/02/02,26.83
07/03/02,26.82
07/08/02,26.14
07/09/02,26.16
07/10/02,26.73
07/11/02,27.01
07/12/02,27.48
07/15/02,27.23
07/16/02,27.68
07/17/02,27.88
07/18/02,27.5
07/19/02,27.83
07/22/02,26.61
07/23/02,26.61
07/24/02,26.78
07/25/02,26.67
07/26/02,26.55
07/29/02,26.54
07/30/02,27.43
07/31/02,27.02
08/01/02,26.51
08/02/02,26.87
08/05/02,26.55
08/06/02,27.18
08/07/02,26.58
08/08/02,26.67
08/09/02,26.87
08/12/02,27.84
08/13/02,28.35
08/14/02,28.19
08/15/02,28.99
08/16/02,29.24
08/19/02,29.86
08/20/02,30.12
08/21/02,30.37
08/22/02,30.11
08/23/02,29.99
08/26/02,29.23
08/27/02,28.84
08/28/02,28.31
08/29/02,28.83
08/30/02,28.97
09/03/02,27.76
09/04/02,28.28
09/05/02,29.06
09/06/02,29.51
09/09/02,29.8
09/10/02,29.62
09/11/02,29.77
09/12/02,28.95
09/13/02,29.83
09/16/02,29.14
09/17/02,29.08
09/18/02,29.57
09/19/02,29.49
09/20/02,29.65
09/23/02,30.85
09/24/02,30.79
09/25/02,30.69
09/26/02,30.31
09/27/02,30.53
09/30/02,30.59
10/01/02,30.71
10/02/02,30.59
10/03/02,29.73
10/04/02,29.65
10/07/02,29.65
10/08/02,29.56
10/09/02,29.31
10/10/02,28.96
10/11/02,29.36
10/14/02,30.06
10/15/02,29.73
10/16/02,29.28
10/17/02,29.61
10/18/02,29.56
10/21/02,28.31
10/22/02,27.93
10/23/02,28.19
10/24/02,27.87
10/25/02,27.09
10/28/02,27.25
10/29/02,26.81
10/30/02,26.85
10/31/02,27.18
11/01/02,27.04
11/04/02,26.89
11/05/02,26.06
11/06/02,25.72
11/07/02,25.36
11/08/02,25.83
11/11/02,26.02
11/12/02,26.19
11/13/02,25.28
11/14/02,25.4
11/15/02,25.5
11/18/02,26.71
11/19/02,26.41
11/20/02,27.0
11/21/02,27.07
11/22/02,27.73
11/25/02,27.01
11/26/02,26.6
11/27/02,26.87
12/02/02,27.27
12/03/02,27.34
12/04/02,26.8
12/05/02,27.27
12/06/02,27.03
12/09/02,27.29
12/10/02,27.73
12/11/02,27.49
12/12/02,28.2
12/13/02,28.39
12/16/02,30.15
12/17/02,30.04
12/18/02,30.41
12/19/02,30.57
12/20/02,30.57
12/23/02,32.09
12/24/02,32.13
12/26/02,32.61
12/27/02,32.68
12/30/02,31.41
12/31/02,31.21
01/02/03,31.97
01/03/03,33.26
01/06/03,32.29
01/07/03,31.2
01/08/03,30.66
01/09/03,31.95
01/10/03,31.59
01/13/03,32.08
01/14/03,32.42
01/15/03,33.23
01/16/03,33.58
01/17/03,33.88
01/21/03,34.62
01/22/03,34.32
01/23/03,33.9
01/24/03,34.98
01/27/03,32.43
01/28/03,32.7
01/29/03,33.54
01/30/03,33.78
01/31/03,33.51
02/03/03,32.84
02/04/03,33.61
02/05/03,33.91
02/06/03,34.36
02/07/03,35.05
02/10/03,34.46
02/11/03,35.43
02/12/03,35.83
02/13/03,36.63
02/14/03,36.61
02/18/03,36.88
02/19/03,37.02
02/20/03,36.45
02/21/03,36.76
02/24/03,37.29
02/25/03,36.06
02/26/03,37.96
02/27/03,36.83
02/28/03,36.76
03/03/03,36.1
03/04/03,36.95
03/05/03,36.86
03/06/03,37.21
03/07/03,37.76
03/10/03,37.18
03/11/03,36.81
03/12/03,37.87
03/13/03,36.05
03/14/03,35.41
03/17/03,34.92
03/18/03,31.55
03/19/03,30.01
03/20/03,28.62
03/21/03,27.18
03/24/03,29.51
03/25/03,33.42
03/26/03,28.71
03/27/03,30.31
03/28/03,30.21
03/31/03,31.14
04/01/03,29.48
04/02/03,28.55
04/03/03,29.05
04/04/03,28.41
04/07/03,27.76
04/08/03,27.97
04/09/03,28.93
04/10/03,27.2
04/11/03,28.28
04/14/03,28.41
04/15/03,29.46
04/16/03,29.16
04/17/03,30.1
04/21/03,30.76
04/22/03,29.92
04/23/03,28.04
04/24/03,27.52
04/25/03,25.92
04/28/03,25.25
04/29/03,25.32
04/30/03,26.09
05/01/03,26.05
05/02/03,25.74
05/05/03,26.43
05/06/03,25.65
05/07/03,26.24
05/08/03,26.94
05/09/03,27.65
05/12/03,27.34
05/13/03,28.51
05/14/03,29.21
05/15/03,28.57
05/16/03,29.07
05/19/03,28.84
05/20/03,29.29
05/21/03,29.51
05/22/03,29.09
05/23/03,29.74
05/27/03,29.24
05/28/03,28.46
05/29/03,29.15
05/30/03,29.56
06/02/03,30.72
06/03/03,30.78
06/04/03,29.81
06/05/03,30.84
06/06/03,31.26
06/09/03,31.36
06/10/03,31.72
06/11/03,32.17
06/12/03,31.41
06/13/03,30.63
06/16/03,31.14
06/17/03,31.08
06/18/03,30.28
06/19/03,29.86
06/20/03,30.63
06/23/03,30.22
06/24/03,30.05
06/25/03,31.65
06/26/03,28.97
06/27/03,29.18
06/30/03,30.15
07/01/03,30.41
07/02/03,30.29
07/03/03,30.39
07/07/03,30.08
07/08/03,30.32
07/09/03,30.87
07/10/03,31.04
07/11/03,31.33
07/14/03,31.2
07/15/03,31.6
07/16/03,31.2
07/17/03,31.44
07/18/03,31.96
07/21/03,31.67
07/22/03,30.2
07/23/03,30.13
07/24/03,30.72
07/25/03,30.31
07/28/03,29.98
07/29/03,30.21
07/30/03,30.69
07/31/03,30.56
08/01/03,32.23
08/04/03,31.8
08/05/03,32.34
08/06/03,31.77
08/07/03,32.41
08/08/03,32.23
08/11/03,31.91
08/12/03,31.91
08/13/03,30.85
08/14/03,30.85
08/15/03,31.01
08/18/03,30.81
08/19/03,30.76
08/20/03,30.96
08/21/03,31.78
08/22/03,31.64
08/25/03,31.43
08/26/03,32.01
08/27/03,31.18
08/28/03,31.41
08/29/03,31.76
09/02/03,29.57
09/03/03,29.43
09/04/03,28.87
09/05/03,28.93
09/08/03,28.85
09/09/03,29.22
09/10/03,29.41
09/11/03,28.86
09/12/03,28.26
09/15/03,28.15
09/16/03,27.6
09/17/03,27.0
09/18/03,27.26
09/19/03,26.93
09/22/03,26.97
09/23/03,27.0
09/24/03,28.19
09/25/03,28.29
09/26/03,28.21
09/29/03,28.35
09/30/03,29.19
10/01/03,29.43
10/02/03,29.83
10/03/03,30.37
10/06/03,30.4
10/07/03,30.48
10/08/03,29.6
10/09/03,30.97
10/10/03,32.01
10/13/03,31.91
10/14/03,31.68
10/15/03,31.74
10/16/03,31.51
10/17/03,30.61
10/20/03,30.37
10/21/03,30.19
10/22/03,30.0
10/23/03,30.31
10/24/03,29.99
10/27/03,29.95
10/28/03,29.57
10/29/03,28.95
10/30/03,28.67
10/31/03,29.24
11/03/03,28.81
11/04/03,28.86
11/05/03,30.29
11/06/03,30.25
11/07/03,30.73
11/10/03,31.01
11/11/03,31.21
11/12/03,31.37
11/13/03,31.89
11/14/03,32.31
11/17/03,31.75
11/18/03,33.16
11/19/03,32.84
11/20/03,32.87
11/21/03,32.26
11/24/03,29.99
11/25/03,30.02
11/26/03,30.33
12/01/03,29.89
12/02/03,30.74
12/03/03,30.61
12/04/03,31.24
12/05/03,30.68
12/08/03,32.08
12/09/03,31.72
12/10/03,31.92
12/11/03,32.01
12/12/03,33.06
12/15/03,33.17
12/16/03,32.94
12/17/03,33.36
12/18/03,33.72
12/19/03,32.81
12/22/03,31.71
12/23/03,32.03
12/24/03,32.99
12/29/03,32.51
12/30/03,33.01
12/31/03,32.51
01/05/04,33.71
01/06/04,33.54
01/07/04,33.57
01/08/04,34.27
01/09/04,34.38
01/12/04,34.92
01/13/04,34.26
01/14/04,34.62
01/15/04,33.61
01/16/04,35.16
01/20/04,36.21
01/21/04,35.53
01/22/04,35.12
01/23/04,34.94
01/26/04,34.41
01/27/04,33.99
01/28/04,33.63
01/29/04,32.86
01/30/04,33.16
02/02/04,34.02
02/03/04,34.2
02/04/04,33.06
02/05/04,33.26
02/06/04,32.49
02/09/04,32.91
02/10/04,34.03
02/11/04,33.93
02/12/04,34.03
02/13/04,34.51
02/17/04,35.13
02/18/04,35.42
02/19/04,35.81
02/20/04,35.8
02/23/04,35.75
02/24/04,35.85
02/25/04,37.28
02/26/04,35.45
02/27/04,36.08
03/01/04,36.85
03/02/04,36.6
03/03/04,35.8
03/04/04,36.81
03/05/04,37.31
03/08/04,36.53
03/09/04,36.29
03/10/04,36.21
03/11/04,36.95
03/12/04,36.21
03/15/04,37.44
03/16/04,37.36
03/17/04,38.21
03/18/04,37.81
03/19/04,38.09
03/22/04,37.12
03/23/04,37.81
03/24/04,37.06
03/25/04,35.67
03/26/04,35.61
03/29/04,35.41
03/30/04,36.15
03/31/04,35.75
04/01/04,34.47
04/02/04,34.39
04/05/04,34.29
04/06/04,35.09
04/07/04,36.28
04/08/04,37.14
04/12/04,37.79
04/13/04,37.09
04/14/04,36.62
04/15/04,37.74
04/16/04,37.7
04/19/04,37.46
04/20/04,37.61
04/21/04,36.61
04/22/04,37.7
04/23/04,37.22
04/26/04,37.02
04/27/04,37.49
04/28/04,37.23
04/29/04,37.5
04/30/04,37.31
05/03/04,38.26
05/04/04,38.86
05/05/04,39.69
05/06/04,39.41
05/07/04,39.98
05/10/04,38.9
05/11/04,40.3
05/12/04,40.3
05/13/04,40.94
05/14/04,41.42
05/17/04,41.53
05/18/04,40.32
05/19/04,41.61
05/20/04,40.92
05/21/04,39.83
05/24/04,42.03
05/25/04,41.45
05/26/04,40.6
05/27/04,39.25
05/28/04,39.9
06/01/04,42.33
06/02/04,39.96
06/03/04,39.29
06/04/04,38.44
06/07/04,38.72
06/08/04,37.18
06/09/04,37.6
06/10/04,38.45
06/14/04,37.58
06/15/04,37.18
06/16/04,37.33
06/17/04,38.51
06/18/04,38.68
06/21/04,37.69
06/22/04,38.11
06/23/04,37.56
06/24/04,37.81
06/25/04,37.34
06/28/04,36.25
06/29/04,35.6
06/30/04,36.92
07/01/04,38.56
07/02/04,38.37
07/06/04,39.56
07/07/04,39.18
07/08/04,40.27
07/09/04,39.9
07/12/04,39.3
07/13/04,39.55
07/14/04,40.98
07/15/04,40.7
07/16/04,41.1
07/19/04,41.55
07/20/04,40.86
07/21/04,40.63
07/22/04,41.51
07/23/04,41.82
07/26/04,41.45
07/27/04,41.83
07/28/04,42.81
07/29/04,42.69
07/30/04,43.72
08/02/04,43.83
08/03/04,44.13
08/04/04,42.73
08/05/04,44.39
08/06/04,43.95
08/09/04,44.86
08/10/04,44.51
08/11/04,44.72
08/12/04,45.52
08/13/04,46.61
08/16/04,46.02
08/17/04,46.75
08/18/04,47.36
08/19/04,48.66
08/20/04,47.6
08/23/04,46.0
08/24/04,45.68
08/25/04,43.83
08/26/04,43.06
08/27/04,43.11
08/30/04,42.32
08/31/04,42.23
09/01/04,43.89
09/02/04,44.04
09/03/04,43.94
09/07/04,43.18
09/08/04,42.77
09/09/04,44.53
09/10/04,42.84
09/13/04,43.86
09/14/04,44.62
09/15/04,43.83
09/16/04,44.03
09/17/04,45.63
09/20/04,46.33
09/21/04,47.11
09/22/04,48.41
09/23/04,48.37
09/24/04,48.86
09/27/04,49.56
09/28/04,49.76
09/29/04,49.53
09/30/04,49.56
10/01/04,50.16
10/04/04,49.85
10/05/04,51.08
10/06/04,51.98
10/07/04,52.56
10/08/04,53.4
10/11/04,53.65
10/12/04,53.49
10/13/04,53.86
10/14/04,54.69
10/15/04,54.89
10/18/04,53.59
10/19/04,53.28
10/20/04,54.93
10/21/04,54.51
10/22/04,55.83
10/25/04,55.52
10/26/04,56.37
10/27/04,52.52
10/28/04,50.95
10/29/04,51.78
11/01/04,50.1
11/02/04,49.6
11/03/04,50.9
11/04/04,48.8
11/05/04,49.65
11/08/04,49.1
11/09/04,47.4
11/10/04,48.7
11/11/04,47.5
11/12/04,47.3
11/15/04,46.95
11/16/04,46.1
11/17/04,46.85
11/18/04,46.3
11/19/04,48.9
11/22/04,48.48
11/23/04,48.74
11/24/04,49.14
11/29/04,49.71
11/30/04,49.16
12/01/04,45.56
12/02/04,43.31
12/03/04,42.56
12/06/04,42.96
12/07/04,41.51
12/08/04,41.96
12/09/04,42.41
12/10/04,40.71
12/13/04,41.06
12/14/04,41.76
12/15/04,44.21
12/16/04,44.16
12/17/04,46.31
12/20/04,45.57
12/21/04,45.76
12/22/04,44.05
12/23/04,42.19
12/27/04,41.26
12/28/04,41.78
12/29/04,43.69
12/30/04,43.36
01/03/05,42.16
01/04/05,43.96
01/05/05,43.41
01/06/05,45.51
01/07/05,45.32
01/10/05,45.31
01/11/05,45.66
01/12/05,46.46
01/13/05,48.11
01/14/05,48.41
01/18/05,48.46
01/19/05,47.61
01/20/05,47.01
01/21/05,48.31
01/24/05,48.61
01/25/05,49.43
01/26/05,48.8
01/27/05,48.8
01/28/05,47.15
01/31/05,48.25
02/01/05,47.1
02/02/05,46.65
02/03/05,46.4
02/04/05,46.45
02/07/05,45.35
02/08/05,45.4
02/09/05,45.45
02/10/05,47.05
02/11/05,47.15
02/14/05,47.5
02/15/05,47.3
02/16/05,48.35
02/17/05,47.5
02/18/05,48.45
02/22/05,51.0
02/23/05,51.73
02/24/05,52.05
02/25/05,52.2
02/28/05,51.75
03/01/05,51.67
03/02/05,53.0
03/03/05,53.6
03/04/05,53.7
03/07/05,53.9
03/08/05,54.55
03/09/05,54.75
03/10/05,53.52
03/11/05,54.4
03/14/05,54.9
03/15/05,55.05
03/16/05,56.5
03/17/05,56.4
03/18/05,56.8
03/21/05,56.7
03/22/05,55.95
03/23/05,49.43
03/24/05,49.7
03/28/05,54.06
03/29/05,54.26
03/30/05,53.96
03/31/05,55.31
04/01/05,57.26
04/04/05,56.86
04/05/05,55.83
04/06/05,55.88
04/07/05,54.16
04/08/05,53.46
04/11/05,53.71
04/12/05,51.54
04/13/05,50.21
04/14/05,51.11
04/15/05,50.61
04/18/05,50.52
04/19/05,52.33
04/20/05,52.45
04/21/05,52.49
04/22/05,54.16
04/25/05,53.16
04/26/05,54.33
04/27/05,51.37
04/28/05,51.92
04/29/05,49.2
05/02/05,50.94
05/03/05,49.6
05/04/05,50.22
05/05/05,51.12
05/06/05,51.3
05/09/05,52.04
05/10/05,51.76
05/11/05,50.39
05/12/05,48.83
05/13/05,48.65
05/16/05,48.64
05/17/05,48.97
05/18/05,46.99
05/19/05,47.0
05/20/05,47.25
05/23/05,48.68
05/24/05,49.14
05/25/05,50.37
05/26/05,50.89
05/27/05,51.65
05/31/05,52.08
06/01/05,54.4
06/02/05,53.46
06/03/05,55.08
06/06/05,54.46
06/07/05,53.84
06/08/05,52.51
06/09/05,54.36
06/10/05,53.55
06/13/05,55.47
06/14/05,55.03
06/15/05,55.53
06/16/05,56.48
06/17/05,58.4
06/20/05,59.19
06/21/05,58.9
06/22/05,58.27
06/23/05,59.23
06/24/05,59.63
06/27/05,59.78
06/28/05,58.32
06/29/05,57.23
06/30/05,56.63
07/01/05,59.11
07/05/05,59.71
07/06/05,61.24
07/07/05,60.76
07/08/05,59.71
07/11/05,59.23
07/12/05,60.49
07/13/05,60.0
07/14/05,57.83
07/15/05,58.36
07/18/05,57.12
07/19/05,57.61
07/20/05,56.73
07/21/05,57.31
07/22/05,57.75
07/25/05,58.16
07/26/05,59.05
07/27/05,59.12
07/28/05,59.91
07/29/05,60.71
08/01/05,61.51
08/02/05,61.87
08/03/05,60.76
08/04/05,61.6
08/05/05,62.44
08/08/05,63.92
08/09/05,63.13
08/10/05,64.8
08/11/05,65.67
08/12/05,66.71
08/15/05,66.21
08/16/05,66.11
08/17/05,63.29
08/18/05,63.47
08/19/05,65.51
08/22/05,65.46
08/23/05,65.81
08/24/05,67.1
08/25/05,67.29
08/26/05,66.05
08/29/05,67.41
08/30/05,69.91
08/31/05,68.63
09/01/05,69.5
09/02/05,66.91
09/06/05,65.83
09/07/05,64.38
09/08/05,64.8
09/09/05,64.21
09/12/05,63.29
09/13/05,63.18
09/14/05,65.2
09/15/05,64.64
09/16/05,62.91
09/19/05,67.21
09/20/05,66.24
09/21/05,66.96
09/22/05,67.07
09/23/05,64.67
09/26/05,65.98
09/27/05,64.94
09/28/05,66.36
09/29/05,66.83
09/30/05,66.21
10/03/05,65.36
10/04/05,63.74
10/05/05,62.56
10/06/05,61.81
10/07/05,61.81
10/10/05,60.71
10/11/05,63.84
10/12/05,64.13
10/13/05,63.05
10/14/05,62.61
10/17/05,64.26
10/18/05,62.94
10/19/05,62.11
10/20/05,61.04
10/21/05,61.05
10/24/05,60.63
10/25/05,62.83
10/26/05,60.85
10/27/05,61.03
10/28/05,61.3
10/31/05,59.8
11/01/05,59.85
11/02/05,59.75
11/03/05,61.7
11/04/05,60.6
11/07/05,59.4
11/08/05,59.7
11/09/05,59.65
11/10/05,57.8
11/11/05,57.45
11/14/05,57.6
11/15/05,57.05
11/16/05,57.85
11/17/05,56.2
11/18/05,56.3
11/21/05,57.75
11/22/05,58.3
11/23/05,58.35
11/28/05,57.36
11/29/05,56.46
11/30/05,57.33
12/01/05,58.46
12/02/05,59.31
12/05/05,59.91
12/06/05,59.96
12/07/05,59.21
12/08/05,60.66
12/09/05,59.41
12/12/05,61.36
12/13/05,61.36
12/14/05,60.86
12/15/05,60.01
12/16/05,58.01
12/19/05,57.31
12/20/05,57.81
12/21/05,58.56
12/22/05,58.08
12/23/05,58.08
12/27/05,58.16
12/28/05,59.81
12/29/05,60.26
12/30/05,61.06
01/03/06,63.11
01/04/06,63.41
01/05/06,62.81
01/06/06,64.21
01/09/06,63.56
01/10/06,63.41
01/11/06,63.91
01/12/06,63.96
01/13/06,63.86
01/17/06,66.36
01/18/06,65.76
01/19/06,66.86
01/20/06,68.16
01/23/06,68.06
01/24/06,66.83
01/25/06,65.6
01/26/06,65.8
01/27/06,67.81
01/30/06,68.36
01/31/06,67.86
02/01/06,66.61
02/02/06,64.71
02/03/06,65.41
02/06/06,65.11
02/07/06,63.01
02/08/06,62.51
02/09/06,62.66
02/10/06,62.01
02/13/06,61.26
02/14/06,59.61
02/15/06,57.61
02/16/06,58.61
02/17/06,59.76
02/21/06,61.21
02/22/06,59.03
02/23/06,58.03
02/24/06,61.46
02/27/06,61.01
02/28/06,61.37
03/01/06,62.01
03/02/06,63.36
03/03/06,63.61
03/06/06,62.46
03/07/06,61.51
03/08/06,60.06
03/09/06,60.51
03/10/06,59.91
03/13/06,61.81
03/14/06,63.01
03/15/06,62.11
03/16/06,63.46
03/17/06,62.81
03/20/06,60.31
03/21/06,60.41
03/22/06,60.03
03/23/06,62.13
03/24/06,63.9
03/27/06,63.75
03/28/06,65.65
03/29/06,66.0
03/30/06,66.7
03/31/06,66.25
04/03/06,66.07
04/04/06,65.75
04/05/06,66.76
04/06/06,67.22
04/07/06,67.02
04/10/06,68.29
04/11/06,69.03
04/12/06,68.53
04/13/06,69.53
04/17/06,70.3
04/18/06,71.28
04/19/06,72.07
04/20/06,71.96
04/21/06,73.73
04/24/06,70.19
04/25/06,67.43
04/26/06,71.71
04/27/06,70.76
04/28/06,71.8
05/01/06,73.75
05/02/06,74.62
05/03/06,72.26
05/04/06,69.98
05/05/06,70.09
05/08/06,69.75
05/09/06,70.71
05/10/06,72.15
05/11/06,73.0
05/12/06,71.87
05/15/06,69.25
05/16/06,69.4
05/17/06,68.65
05/18/06,69.63
05/19/06,68.44
05/22/06,69.23
05/23/06,70.78
05/24/06,69.47
05/25/06,70.92
05/26/06,71.35
05/30/06,71.85
05/31/06,71.42
06/01/06,70.11
06/02/06,72.73
06/05/06,72.5
06/06/06,72.43
06/07/06,70.9
06/08/06,70.25
06/09/06,71.62
06/12/06,70.28
06/13/06,68.48
06/14/06,69.12
06/15/06,69.78
06/16/06,69.75
06/19/06,69.21
06/20/06,69.3
06/21/06,70.07
06/22/06,70.62
06/23/06,70.5
06/26/06,71.63
06/27/06,72.05
06/28/06,72.15
06/29/06,73.5
06/30/06,73.94
07/05/06,75.2
07/06/06,75.0
07/07/06,73.76
07/10/06,73.5
07/11/06,74.05
07/12/06,74.99
07/13/06,76.7
07/14/06,76.8
07/17/06,75.7
07/18/06,73.87
07/19/06,72.79
07/20/06,74.0
07/21/06,73.52
07/24/06,74.29
07/25/06,73.46
07/26/06,73.82
07/27/06,74.5
07/28/06,73.3
07/31/06,74.56
08/01/06,74.93
08/02/06,76.16
08/03/06,75.59
08/04/06,74.78
08/07/06,77.05
08/08/06,76.29
08/09/06,76.28
08/10/06,74.17
08/11/06,74.38
08/14/06,73.33
08/15/06,72.95
08/16/06,71.64
08/17/06,70.12
08/18/06,70.93
08/21/06,72.45
08/22/06,72.55
08/23/06,71.45
08/24/06,72.02
08/25/06,72.13
08/28/06,70.47
08/29/06,69.74
08/30/06,70.2
08/31/06,70.38
09/01/06,69.24
09/05/06,68.7
09/06/06,67.75
09/07/06,67.37
09/08/06,66.3
09/11/06,65.42
09/12/06,63.81
09/13/06,64.09
09/14/06,63.27
09/15/06,63.3
09/18/06,63.84
09/19/06,61.77
09/20/06,60.0
09/21/06,61.62
09/22/06,59.79
09/25/06,60.74
09/26/06,60.63
09/27/06,62.96
09/28/06,62.46
09/29/06,62.9
10/02/06,60.96
10/03/06,58.64
10/04/06,59.53
10/05/06,60.02
10/06/06,59.68
10/09/06,59.93
10/10/06,58.5
10/11/06,57.56
10/12/06,58.23
10/13/06,58.69
10/16/06,59.91
10/17/06,58.91
10/18/06,57.66
10/19/06,58.55
10/20/06,57.35
10/23/06,56.74
10/24/06,57.55
10/25/06,59.09
10/26/06,60.27
10/27/06,60.75
10/30/06,58.41
10/31/06,58.72
11/01/06,58.64
11/02/06,57.87
11/03/06,59.13
11/06/06,60.11
11/07/06,58.94
11/08/06,59.93
11/09/06,61.18
11/10/06,59.66
11/13/06,58.59
11/14/06,58.28
11/15/06,58.79
11/16/06,56.23
11/17/06,55.9
11/20/06,56.42
11/21/06,58.01
11/22/06,57.28
11/27/06,60.3
11/28/06,60.97
11/29/06,62.45
11/30/06,62.97
12/01/06,63.43
12/04/06,62.39
12/05/06,62.4
12/06/06,62.2
12/07/06,62.54
12/08/06,62.06
12/11/06,61.26
12/12/06,61.06
12/13/06,61.34
12/14/06,62.48
12/15/06,63.4
12/18/06,62.19
12/19/06,62.87
12/20/06,63.08
12/21/06,62.05
12/22/06,61.81
12/26/06,61.07
12/27/06,60.31
12/28/06,60.39
12/29/06,60.85
01/02/07,60.77
01/03/07,58.31
01/04/07,55.65
01/05/07,56.29
01/08/07,56.08
01/09/07,55.65
01/10/07,53.95
01/11/07,51.91
01/12/07,52.96
01/16/07,51.23
01/17/07,52.3
01/18/07,50.51
01/19/07,51.98
01/22/07,51.11
01/23/07,53.61
01/24/07,54.24
01/25/07,53.49
01/26/07,55.38
01/29/07,54.01
01/30/07,57.03
01/31/07,58.17
02/01/07,57.35
02/02/07,59.01
02/05/07,58.69
02/06/07,58.91
02/07/07,57.75
02/08/07,59.76
02/09/07,59.86
02/12/07,57.76
02/13/07,58.98
02/14/07,58.0
02/15/07,57.92
02/16/07,59.38
02/20/07,58.32
02/21/07,59.4
02/22/07,60.28
02/23/07,60.28
02/26/07,61.41
02/27/07,61.46
02/28/07,61.78
03/01/07,61.97
03/02/07,61.58
03/05/07,60.05
03/06/07,60.66
03/07/07,61.85
03/08/07,61.63
03/09/07,60.06
03/12/07,58.94
03/13/07,58.03
03/14/07,58.15
03/15/07,57.52
03/16/07,57.06
03/19/07,56.65
03/20/07,56.41
03/21/07,56.98
03/22/07,60.21
03/23/07,61.07
03/26/07,61.77
03/27/07,62.98
03/28/07,64.11
03/29/07,66.1
03/30/07,65.94
04/02/07,66.03
04/03/07,64.59
04/04/07,64.4
04/05/07,64.26
04/09/07,61.51
04/10/07,61.92
04/11/07,61.98
04/12/07,63.87
04/13/07,63.63
04/16/07,63.63
04/17/07,63.14
04/18/07,63.14
04/19/07,61.81
04/20/07,63.56
04/23/07,65.33
04/24/07,64.1
04/25/07,65.33
04/26/07,65.08
04/27/07,66.45
04/30/07,65.78
05/01/07,64.43
05/02/07,63.78
05/03/07,63.23
05/04/07,61.89
05/07/07,61.48
05/08/07,62.26
05/09/07,61.54
05/10/07,61.85
05/11/07,62.35
05/14/07,62.55
05/15/07,63.16
05/16/07,62.57
05/17/07,64.83
05/18/07,64.93
05/21/07,66.25
05/22/07,64.91
05/23/07,65.1
05/24/07,63.62
05/25/07,64.59
05/29/07,63.19
05/30/07,63.47
05/31/07,64.02
06/01/07,65.09
06/04/07,66.17
06/05/07,65.63
06/06/07,65.97
06/07/07,66.93
06/08/07,64.78
06/11/07,65.93
06/12/07,65.36
06/13/07,66.17
06/14/07,67.62
06/15/07,68.04
06/18/07,69.06
06/19/07,69.15
06/20/07,68.5
06/21/07,68.35
06/22/07,68.85
06/25/07,68.83
06/26/07,67.78
06/27/07,68.98
06/28/07,69.61
06/29/07,70.47
07/02/07,71.11
07/03/07,71.41
07/05/07,71.81
07/06/07,72.8
07/09/07,72.14
07/10/07,72.8
07/11/07,72.58
07/12/07,72.55
07/13/07,73.89
07/16/07,74.11
07/17/07,74.03
07/18/07,75.03
07/19/07,75.9
07/20/07,75.53
07/23/07,74.65
07/24/07,73.38
07/25/07,75.74
07/26/07,74.96
07/27/07,77.03
07/30/07,76.82
07/31/07,78.2
08/01/07,76.49
08/02/07,76.84
08/03/07,75.41
08/06/07,72.03
08/07/07,72.25
08/08/07,72.23
08/09/07,71.62
08/10/07,71.49
08/13/07,71.6
08/14/07,72.4
08/15/07,73.36
08/16/07,70.99
08/17/07,71.9
08/20/07,71.12
08/21/07,69.49
08/22/07,69.3
08/23/07,69.86
08/24/07,71.17
08/27/07,71.98
08/28/07,71.79
08/29/07,73.52
08/30/07,73.37
08/31/07,73.98
09/04/07,75.07
09/05/07,75.74
09/06/07,76.34
09/07/07,76.7
09/10/07,77.53
09/11/07,78.16
09/12/07,79.85
09/13/07,80.05
09/14/07,79.14
09/17/07,80.55
09/18/07,81.51
09/19/07,81.99
09/20/07,83.85
09/21/07,83.38
09/24/07,82.51
09/25/07,81.2
09/26/07,80.31
09/27/07,82.86
09/28/07,81.64
10/01/07,80.31
10/02/07,80.0
10/03/07,79.97
10/04/07,81.48
10/05/07,81.2
10/08/07,78.97
10/09/07,80.23
10/10/07,81.3
10/11/07,83.05
10/12/07,83.73
10/15/07,86.19
10/16/07,87.58
10/17/07,87.19
10/18/07,89.48
10/19/07,88.58
10/22/07,87.6
10/23/07,86.45
10/24/07,88.3
10/25/07,92.09
10/26/07,91.73
10/29/07,93.45
10/30/07,90.33
10/31/07,94.16
11/01/07,93.53
11/02/07,95.81
11/05/07,94.06
11/06/07,96.65
11/07/07,96.46
11/08/07,95.51
11/09/07,96.36
11/12/07,94.4
11/13/07,91.18
11/14/07,94.02
11/15/07,93.37
11/16/07,94.81
11/19/07,95.75
11/20/07,99.16
11/21/07,98.57
11/23/07,98.24
11/26/07,97.66
11/27/07,94.39
11/28/07,90.71
11/29/07,90.98
11/30/07,88.6
12/03/07,89.29
12/04/07,88.31
12/05/07,87.45
12/06/07,90.25
12/07/07,88.23
12/10/07,87.72
12/11/07,90.12
12/12/07,94.41
12/13/07,92.35
12/14/07,91.31
12/17/07,90.69
12/18/07,89.93
12/19/07,91.11
12/20/07,90.88
12/21/07,93.19
12/24/07,94.0
12/26/07,95.89
12/27/07,96.63
12/28/07,96.03
12/31/07,95.95
01/02/08,99.64
01/03/08,99.17
01/04/08,97.9
01/07/08,95.08
01/08/08,96.43
01/09/08,95.64
01/10/08,93.92
01/11/08,92.74
01/14/08,94.23
01/15/08,91.87
01/16/08,90.8
01/17/08,90.11
01/18/08,90.55
01/22/08,89.64
01/23/08,87.65
01/24/08,89.98
01/25/08,90.37
01/28/08,90.99
01/29/08,91.66
01/30/08,92.34
01/31/08,91.67
02/01/08,89.03
02/04/08,90.07
02/05/08,88.32
02/06/08,87.16
02/07/08,88.07
02/08/08,91.77
02/11/08,93.56
02/12/08,92.82
02/13/08,93.28
02/14/08,95.42
02/15/08,95.57
02/19/08,99.99
02/20/08,100.86
02/21/08,98.57
02/22/08,99.03
02/25/08,99.4
02/26/08,100.83
02/27/08,99.59
02/28/08,102.6
02/29/08,101.78
03/03/08,102.42
03/04/08,99.72
03/05/08,104.45
03/06/08,105.51
03/07/08,105.12
03/10/08,107.9
03/11/08,108.73
03/12/08,109.86
03/13/08,110.21
03/14/08,110.03
03/17/08,105.74
03/18/08,109.57
03/19/08,103.25
03/20/08,102.57
03/24/08,101.7
03/25/08,101.78
03/26/08,105.83
03/27/08,107.56
03/28/08,105.59
03/31/08,101.54
04/01/08,100.92
04/02/08,104.83
04/03/08,103.92
04/04/08,106.09
04/07/08,108.91
04/08/08,108.54
04/09/08,110.89
04/10/08,110.07
04/11/08,110.14
04/14/08,111.71
04/15/08,113.77
04/16/08,114.8
04/17/08,114.8
04/18/08,116.56
04/21/08,117.48
04/22/08,119.17
04/23/08,119.28
04/24/08,117.1
04/25/08,119.64
04/28/08,118.78
04/29/08,115.67
04/30/08,113.7
05/01/08,112.6
05/02/08,116.36
05/05/08,119.94
05/06/08,121.82
05/07/08,123.56
05/08/08,123.77
05/09/08,125.94
05/12/08,124.02
05/13/08,125.83
05/14/08,124.21
05/15/08,124.25
05/16/08,126.5
05/19/08,127.15
05/20/08,128.93
05/21/08,132.99
05/22/08,130.04
05/23/08,131.58
05/27/08,128.81
05/28/08,131.0
05/29/08,126.7
05/30/08,127.35
06/02/08,127.75
06/03/08,124.33
06/04/08,122.3
06/05/08,127.93
06/06/08,138.51
06/09/08,134.44
06/10/08,131.38
06/11/08,136.43
06/12/08,136.91
06/13/08,134.84
06/16/08,134.52
06/17/08,133.99
06/18/08,136.54
06/19/08,131.88
06/20/08,134.78
06/23/08,135.98
06/24/08,136.49
06/25/08,133.92
06/26/08,138.91
06/27/08,139.69
06/30/08,139.96
07/01/08,141.06
07/02/08,143.74
07/03/08,145.31
07/07/08,141.38
07/08/08,136.06
07/09/08,135.88
07/10/08,141.47
07/11/08,144.96
07/14/08,145.16
07/15/08,138.68
07/16/08,134.63
07/17/08,129.43
07/18/08,128.94
07/21/08,131.43
07/22/08,127.25
07/23/08,123.73
07/24/08,124.62
07/25/08,122.59
07/28/08,124.72
07/29/08,122.21
07/30/08,126.74
07/31/08,124.17
08/01/08,125.03
08/04/08,121.45
08/05/08,118.71
08/06/08,118.57
08/07/08,119.84
08/08/08,115.42
08/11/08,114.44
08/12/08,113.1
08/13/08,115.96
08/14/08,115.05
08/15/08,113.46
08/18/08,112.92
08/19/08,114.39
08/20/08,115.48
08/21/08,121.23
08/22/08,114.48
08/25/08,114.85
08/26/08,116.31
08/27/08,118.17
08/28/08,115.58
08/29/08,115.55
09/02/08,109.63
09/03/08,109.38
09/04/08,107.99
09/05/08,106.47
09/08/08,106.35
09/09/08,103.23
09/10/08,102.66
09/11/08,100.95
09/12/08,101.19
09/15/08,95.52
09/16/08,91.49
09/17/08,97.39
09/18/08,97.5
09/19/08,104.05
09/22/08,122.61
09/23/08,107.85
09/24/08,106.84
09/25/08,111.54
09/26/08,106.77
09/29/08,96.29
09/30/08,100.7
10/01/08,98.23
10/02/08,93.84
10/03/08,93.91
10/06/08,88.15
10/07/08,90.18
10/08/08,88.94
10/09/08,86.5
10/10/08,77.44
10/13/08,81.17
10/14/08,78.69
10/15/08,74.38
10/16/08,69.81
10/17/08,71.9
10/20/08,74.08
10/21/08,71.29
10/22/08,66.92
10/23/08,67.17
10/24/08,63.34
10/27/08,61.92
10/28/08,62.8
10/29/08,67.45
10/30/08,65.79
10/31/08,68.1
11/03/08,63.93
11/04/08,70.41
11/05/08,65.41
11/06/08,60.72
11/07/08,61.06
11/10/08,62.19
11/11/08,59.38
11/12/08,55.95
11/13/08,58.31
11/14/08,57.18
11/17/08,55.14
11/18/08,54.42
11/19/08,53.64
11/20/08,48.86
11/21/08,49.22
11/24/08,53.63
11/25/08,50.02
11/26/08,54.2
11/28/08,55.21
12/01/08,49.34
12/02/08,47.05
12/03/08,46.79
12/04/08,43.8
12/05/08,41.01
12/08/08,43.69
12/09/08,42.0
12/10/08,43.1
12/11/08,47.77
12/12/08,46.27
12/15/08,44.61
12/16/08,43.84
12/17/08,40.17
12/18/08,36.73
12/19/08,33.17
12/22/08,31.1
12/23/08,30.28
12/24/08,32.94
12/26/08,37.58
12/29/08,39.89
12/30/08,38.95
12/31/08,44.6
01/02/09,46.17
01/05/09,48.61
01/06/09,48.56
01/07/09,42.75
01/08/09,41.68
01/09/09,40.69
01/12/09,37.65
01/13/09,37.77
01/14/09,37.43
01/15/09,35.41
01/16/09,35.38
01/20/09,38.57
01/21/09,42.56
01/22/09,42.33
01/23/09,45.12
01/26/09,46.5
01/27/09,41.67
01/28/09,42.04
01/29/09,41.58
01/30/09,41.73
02/02/09,41.35
02/03/09,40.87
02/04/09,40.27
02/05/09,41.15
02/06/09,40.24
02/09/09,39.58
02/10/09,37.54
02/11/09,35.93
02/12/09,34.03
02/13/09,37.63
02/17/09,34.96
02/18/09,34.67
02/19/09,39.6
02/20/09,39.35
02/23/09,37.66
02/24/09,38.86
02/25/09,41.64
02/26/09,43.18
02/27/09,44.15
03/02/09,40.07
03/03/09,41.57
03/04/09,45.28
03/05/09,43.54
03/06/09,45.43
03/09/09,47.01
03/10/09,45.68
03/11/09,42.46
03/12/09,46.91
03/13/09,46.22
03/16/09,47.33
03/17/09,48.97
03/18/09,48.12
03/19/09,51.46
03/20/09,51.55
03/23/09,53.05
03/24/09,53.36
03/25/09,52.24
03/26/09,53.87
03/27/09,52.41
03/30/09,48.49
03/31/09,49.64
04/01/09,48.46
04/02/09,52.61
04/03/09,52.52
04/06/09,51.1
04/07/09,49.13
04/08/09,49.37
04/09/09,52.24
04/13/09,50.22
04/14/09,49.51
04/15/09,49.26
04/16/09,49.97
04/17/09,50.36
04/20/09,45.82
04/21/09,46.65
04/22/09,47.41
04/23/09,48.46
04/24/09,50.65
04/27/09,49.29
04/28/09,49.01
04/29/09,50.19
04/30/09,50.35
05/01/09,52.18
05/04/09,54.45
05/05/09,53.81
05/06/09,56.29
05/07/09,56.67
05/08/09,58.58
05/11/09,57.79
05/12/09,58.81
05/13/09,58.0
05/14/09,58.58
05/15/09,56.52
05/18/09,58.99
05/19/09,59.52
05/20/09,61.45
05/21/09,60.49
05/22/09,61.15
05/26/09,62.48
05/27/09,63.41
05/28/09,65.09
05/29/09,66.31
06/01/09,68.59
06/02/09,68.58
06/03/09,66.14
06/04/09,68.8
06/05/09,68.43
06/08/09,68.05
06/09/09,70.02
06/10/09,71.38
06/11/09,72.69
06/12/09,72.13
06/15/09,70.54
06/16/09,70.47
06/17/09,71.07
06/18/09,71.42
06/19/09,69.6
06/22/09,67.09
06/23/09,68.81
06/24/09,68.14
06/25/09,69.7
06/26/09,69.16
06/29/09,71.47
06/30/09,69.82
07/01/09,69.32
07/02/09,66.68
07/06/09,64.06
07/07/09,62.88
07/08/09,60.15
07/09/09,60.36
07/10/09,59.93
07/13/09,59.69
07/14/09,59.62
07/15/09,61.49
07/16/09,62.07
07/17/09,63.56
07/20/09,63.93
07/21/09,64.81
07/22/09,64.58
07/23/09,66.1
07/24/09,66.96
07/27/09,68.34
07/28/09,67.24
07/29/09,63.42
07/30/09,66.9
07/31/09,69.26
08/03/09,71.59
08/04/09,71.4
08/05/09,71.97
08/06/09,71.96
08/07/09,70.97
08/10/09,70.59
08/11/09,69.46
08/12/09,70.08
08/13/09,70.57
08/14/09,67.51
08/17/09,66.72
08/18/09,69.22
08/19/09,72.54
08/20/09,72.4
08/21/09,73.12
08/24/09,73.68
08/25/09,71.6
08/26/09,71.38
08/27/09,72.49
08/28/09,72.72
08/31/09,69.97
09/01/09,68.11
09/02/09,68.03
09/03/09,67.9
09/04/09,67.95
09/08/09,71.08
09/09/09,71.27
09/10/09,71.95
09/11/09,69.34
09/14/09,68.86
09/15/09,70.81
09/16/09,72.5
09/17/09,72.48
09/18/09,71.95
09/21/09,69.74
09/22/09,71.5
09/23/09,68.74
09/24/09,65.74
09/25/09,65.91
09/28/09,66.69
09/29/09,66.56
09/30/09,70.46
10/01/09,70.67
10/02/09,69.8
10/05/09,70.26
10/06/09,70.71
10/07/09,69.6
10/08/09,71.69
10/09/09,71.75
10/12/09,73.24
10/13/09,74.1
10/14/09,75.2
10/15/09,77.55
10/16/09,78.54
10/19/09,79.47
10/20/09,78.87
10/21/09,81.03
10/22/09,80.82
10/23/09,80.11
10/26/09,78.61
10/27/09,79.45
10/28/09,77.39
10/29/09,79.84
10/30/09,77.04
11/02/09,78.08
11/03/09,79.58
11/04/09,80.3
11/05/09,79.64
11/06/09,77.4
11/09/09,79.44
11/10/09,79.01
11/11/09,79.16
11/12/09,77.25
11/13/09,76.34
11/16/09,78.91
11/17/09,79.08
11/18/09,79.55
11/19/09,77.47
11/20/09,76.83
11/23/09,76.49
11/24/09,74.88
11/25/09,77.25
11/27/09,75.95
11/30/09,77.19
12/01/09,78.39
12/02/09,76.62
12/03/09,76.42
12/04/09,75.41
12/07/09,73.89
12/08/09,72.59
12/09/09,70.67
12/10/09,70.54
12/11/09,69.86
12/14/09,69.48
12/15/09,70.62
12/16/09,72.64
12/17/09,72.58
12/18/09,73.3
12/21/09,72.71
12/22/09,73.48
12/23/09,76.03
12/24/09,76.83
12/28/09,78.67
12/29/09,78.87
12/30/09,79.35
12/31/09,79.39
01/04/10,81.52
01/05/10,81.74
01/06/10,83.12
01/07/10,82.6
01/08/10,82.74
01/11/10,82.54
01/12/10,80.79
01/13/10,79.66
01/14/10,79.35
01/15/10,77.96
01/19/10,78.98
01/20/10,77.42
01/21/10,75.84
01/22/10,74.25
01/25/10,74.9
01/26/10,74.67
01/27/10,73.64
01/28/10,73.62
01/29/10,72.85
02/01/10,74.41
02/02/10,77.21
02/03/10,76.96
02/04/10,73.13
02/05/10,71.15
02/08/10,71.87
02/09/10,73.71
02/10/10,74.48
02/11/10,75.23
02/12/10,74.11
02/16/10,76.98
02/17/10,77.27
02/18/10,78.97
02/19/10,79.77
02/22/10,80.04
02/23/10,78.61
02/24/10,79.75
02/25/10,77.99
02/26/10,79.72
03/01/10,78.71
03/02/10,79.62
03/03/10,80.91
03/04/10,80.21
03/05/10,81.5
03/08/10,81.85
03/09/10,81.5
03/10/10,82.07
03/11/10,82.1
03/12/10,81.26
03/15/10,79.79
03/16/10,81.75
03/17/10,82.93
03/18/10,82.16
03/19/10,80.58
03/22/10,81.26
03/23/10,81.68
03/24/10,80.29
03/25/10,80.25
03/26/10,79.75
03/29/10,81.92
03/30/10,82.14
03/31/10,83.45
04/01/10,84.53
04/05/10,86.36
04/06/10,86.54
04/07/10,85.64
04/08/10,85.17
04/09/10,84.6
04/12/10,84.07
04/13/10,83.8
04/14/10,85.62
04/15/10,85.25
04/16/10,82.97
04/19/10,81.52
04/20/10,82.98
04/21/10,82.78
04/22/10,82.89
04/23/10,84.34
04/26/10,84.2
04/27/10,82.43
04/28/10,83.22
04/29/10,85.17
04/30/10,86.07
05/03/10,86.19
05/04/10,82.73
05/05/10,80.0
05/06/10,77.18
05/07/10,75.1
05/10/10,76.89
05/11/10,76.37
05/12/10,75.65
05/13/10,74.38
05/14/10,71.61
05/17/10,70.08
05/18/10,69.38
05/19/10,69.91
05/20/10,68.28
05/21/10,68.03
05/24/10,68.23
05/25/10,64.78
05/26/10,71.52
05/27/10,74.56
05/28/10,74.0
06/01/10,72.7
06/02/10,72.88
06/03/10,74.62
06/04/10,71.43
06/07/10,71.55
06/08/10,71.88
06/09/10,74.38
06/10/10,75.48
06/11/10,73.89
06/14/10,74.99
06/15/10,76.84
06/16/10,77.67
06/17/10,76.82
06/18/10,77.18
06/21/10,77.84
06/22/10,77.15
06/23/10,75.9
06/24/10,75.96
06/25/10,78.45
06/28/10,78.26
06/29/10,75.93
06/30/10,75.59
07/01/10,72.95
07/02/10,72.06
07/06/10,71.96
07/07/10,74.05
07/08/10,75.46
07/09/10,76.08
07/12/10,74.93
07/13/10,77.16
07/14/10,77.02
07/15/10,76.67
07/16/10,75.96
07/19/10,76.53
07/20/10,77.32
07/21/10,76.27
07/22/10,79.01
07/23/10,78.68
07/26/10,78.93
07/27/10,77.46
07/28/10,77.06
07/29/10,78.3
07/30/10,78.85
08/02/10,81.25
08/03/10,82.52
08/04/10,82.49
08/05/10,82.0
08/06/10,80.67
08/09/10,81.46
08/10/10,80.24
08/11/10,78.09
08/12/10,75.68
08/13/10,75.39
08/16/10,75.17
08/17/10,75.76
08/18/10,75.39
08/19/10,74.45
08/20/10,73.45
08/23/10,72.71
08/24/10,71.24
08/25/10,72.07
08/26/10,73.36
08/27/10,75.17
08/30/10,74.69
08/31/10,71.93
09/01/10,73.97
09/02/10,74.99
09/03/10,74.52
09/07/10,73.98
09/08/10,74.65
09/09/10,74.25
09/10/10,76.4
09/13/10,77.17
09/14/10,76.78
09/15/10,75.92
09/16/10,74.58
09/17/10,73.63
09/20/10,74.81
09/21/10,72.96
09/22/10,72.98
09/23/10,73.4
09/24/10,74.63
09/27/10,76.51
09/28/10,76.15
09/29/10,77.85
09/30/10,79.95
10/01/10,81.57
10/04/10,81.43
10/05/10,82.83
10/06/10,83.21
10/07/10,81.34
10/08/10,82.66
10/11/10,82.18
10/12/10,81.67
10/13/10,83.03
10/14/10,82.71
10/15/10,81.23
10/18/10,83.06
10/19/10,79.57
10/20/10,81.93
10/21/10,80.03
10/22/10,81.15
10/25/10,82.0
10/26/10,82.6
10/27/10,81.9
10/28/10,82.2
10/29/10,81.45
11/01/10,82.94
11/02/10,83.91
11/03/10,84.45
11/04/10,86.49
11/05/10,86.85
11/08/10,87.07
11/09/10,87.04
11/10/10,87.77
11/11/10,87.77
11/12/10,84.89
11/15/10,84.88
11/16/10,82.33
11/17/10,80.43
11/18/10,81.88
11/19/10,81.65
11/22/10,81.24
11/23/10,80.79
11/24/10,83.21
11/26/10,83.87
11/29/10,85.73
11/30/10,84.12
12/01/10,86.75
12/02/10,87.98
12/03/10,89.18
12/06/10,89.33
12/07/10,88.69
12/08/10,88.3
12/09/10,88.35
12/10/10,87.81
12/13/10,88.62
12/14/10,88.33
12/15/10,88.66
12/16/10,87.71
12/17/10,88.02
12/20/10,88.68
12/21/10,89.3
12/22/10,89.83
12/23/10,90.84
12/27/10,90.99
12/28/10,91.48
12/29/10,91.13
12/30/10,89.85
12/31/10,91.38
01/03/11,91.59
01/04/11,89.39
01/05/11,90.3
01/06/11,88.37
01/07/11,88.07
01/10/11,89.24
01/11/11,91.11
01/12/11,91.85
01/13/11,91.39
01/14/11,91.53
01/18/11,91.38
01/19/11,90.85
01/20/11,88.56
01/21/11,88.22
01/24/11,86.74
01/25/11,85.08
01/26/11,86.15
01/27/11,84.45
01/28/11,88.15
01/31/11,90.99
02/01/11,89.54
02/02/11,89.78
02/03/11,89.42
02/04/11,87.87
02/07/11,86.3
02/08/11,85.85
02/09/11,85.59
02/10/11,85.44
02/11/11,84.39
02/14/11,83.66
02/15/11,83.13
02/16/11,83.8
02/17/11,85.05
02/18/11,85.03
02/22/11,92.65
02/23/11,96.04
02/24/11,95.83
02/25/11,96.52
02/28/11,97.1
03/01/11,99.63
03/02/11,102.27
03/03/11,101.92
03/04/11,104.34
03/07/11,105.37
03/08/11,105.06
03/09/11,104.39
03/10/11,102.73
03/11/11,101.14
03/14/11,101.2
03/15/11,97.23
03/16/11,97.99
03/17/11,101.47
03/18/11,101.06
03/21/11,102.36
03/22/11,104.53
03/23/11,105.21
03/24/11,105.04
03/25/11,104.89
03/28/11,103.54
03/29/11,104.34
03/30/11,103.8
03/31/11,106.19
04/01/11,107.55
04/04/11,108.14
04/05/11,107.82
04/06/11,108.38
04/07/11,109.82
04/08/11,112.27
04/11/11,109.5
04/12/11,105.75
04/13/11,106.6
04/14/11,107.73
04/15/11,109.17
04/18/11,106.7
04/19/11,107.18
04/20/11,110.84
04/21/11,111.72
04/25/11,111.68
04/26/11,111.72
04/27/11,112.31
04/28/11,112.38
04/29/11,113.39
05/02/11,113.03
05/03/11,110.6
05/04/11,108.79
05/05/11,99.89
05/06/11,96.87
05/09/11,100.32
05/10/11,103.39
05/11/11,97.88
05/12/11,98.53
05/13/11,99.21
05/16/11,96.91
05/17/11,96.4
05/18/11,99.52
05/19/11,97.99
05/20/11,99.15
05/23/11,97.06
05/24/11,99.13
05/25/11,100.78
05/26/11,100.18
05/27/11,100.58
05/31/11,102.7
06/01/11,100.3
06/02/11,100.41
06/03/11,100.28
06/06/11,99.07
06/07/11,99.18
06/08/11,100.77
06/09/11,101.95
06/10/11,99.3
06/13/11,97.2
06/14/11,99.37
06/15/11,94.83
06/16/11,94.95
06/17/11,93.02
06/20/11,93.23
06/21/11,93.7
06/22/11,94.96
06/23/11,90.7
06/24/11,90.89
06/27/11,90.65
06/28/11,92.9
06/29/11,94.85
06/30/11,95.3
07/01/11,94.81
07/05/11,96.92
07/06/11,96.67
07/07/11,98.7
07/08/11,96.2
07/11/11,95.16
07/12/11,97.41
07/13/11,98.04
07/14/11,95.75
07/15/11,97.24
07/18/11,95.94
07/19/11,97.49
07/20/11,98.11
07/21/11,98.96
07/22/11,99.53
07/25/11,98.97
07/26/11,99.61
07/27/11,97.4
07/28/11,97.48
07/29/11,95.68
08/01/11,94.98
08/02/11,93.78
08/03/11,91.87
08/04/11,86.75
08/05/11,86.89
08/08/11,81.27
08/09/11,79.32
08/10/11,83.05
08/11/11,85.48
08/12/11,85.19
08/15/11,87.88
08/16/11,86.65
08/17/11,87.58
08/18/11,82.38
08/19/11,82.33
08/22/11,84.42
08/23/11,85.35
08/24/11,84.99
08/25/11,85.15
08/26/11,85.37
08/29/11,87.27
08/30/11,88.9
08/31/11,88.81
09/01/11,88.93
09/02/11,86.45
09/06/11,85.99
09/07/11,89.34
09/08/11,89.05
09/09/11,87.24
09/12/11,88.19
09/13/11,90.21
09/14/11,88.91
09/15/11,89.4
09/16/11,87.96
09/19/11,85.7
09/20/11,86.92
09/21/11,85.77
09/22/11,80.29
09/23/11,79.58
09/26/11,79.97
09/27/11,84.18
09/28/11,80.94
09/29/11,81.87
09/30/11,78.93
10/03/11,77.34
10/04/11,75.4
10/05/11,79.41
10/06/11,82.32
10/07/11,82.7
10/10/11,85.14
10/11/11,85.54
10/12/11,85.3
10/13/11,83.96
10/14/11,86.8
10/17/11,86.38
10/18/11,88.34
10/19/11,86.11
10/20/11,86.07
10/21/11,87.19
10/24/11,91.12
10/25/11,92.98
10/26/11,90.2
10/27/11,93.96
10/28/11,93.32
10/31/11,93.19
11/01/11,92.19
11/02/11,92.51
11/03/11,94.07
11/04/11,94.26
11/07/11,95.52
11/08/11,96.8
11/09/11,95.74
11/10/11,97.78
11/11/11,98.99
11/14/11,98.14
11/15/11,99.37
11/16/11,102.59
11/17/11,98.82
11/18/11,97.67
11/21/11,96.73
11/22/11,97.76
11/23/11,96.16
11/25/11,96.91
11/28/11,98.21
11/29/11,99.79
11/30/11,100.36
12/01/11,100.2
12/02/11,100.97
12/05/11,100.94
12/06/11,101.25
12/07/11,100.45
12/08/11,98.35
12/09/11,99.4
12/12/11,97.77
12/13/11,100.24
12/14/11,94.92
12/15/11,93.84
12/16/11,93.55
12/19/11,93.86
12/20/11,97.16
12/21/11,98.54
12/22/11,99.42
12/23/11,99.72
12/27/11,101.29
12/28/11,99.44
12/29/11,99.68
12/30/11,98.83
01/03/12,102.96
01/04/12,103.22
01/05/12,101.81
01/06/12,101.56
01/09/12,101.31
01/10/12,102.24
01/11/12,100.89
01/12/12,99.03
01/13/12,98.69
01/17/12,100.7
01/18/12,100.61
01/19/12,100.32
01/20/12,98.15
01/23/12,99.47
01/24/12,98.84
01/25/12,99.23
01/26/12,99.76
01/27/12,99.47
01/30/12,98.75
01/31/12,98.46
02/01/12,97.63
02/02/12,96.36
02/03/12,97.8
02/06/12,96.89
02/07/12,98.55
02/08/12,98.8
02/09/12,99.88
02/10/12,98.68
02/13/12,100.39
02/14/12,100.82
02/15/12,101.82
02/16/12,102.33
02/17/12,103.27
02/21/12,105.88
02/22/12,105.99
02/23/12,107.44
02/24/12,109.39
02/27/12,108.49
02/28/12,106.59
02/29/12,107.08
03/01/12,108.76
03/02/12,106.68
03/05/12,106.7
03/06/12,104.71
03/07/12,106.16
03/08/12,106.65
03/09/12,107.4
03/12/12,106.34
03/13/12,106.7
03/14/12,105.49
03/15/12,105.19
03/16/12,107.03
03/19/12,108.09
03/20/12,105.68
03/21/12,106.87
03/22/12,104.98
03/23/12,106.43
03/26/12,107.07
03/27/12,107.32
03/28/12,105.4
03/29/12,102.79
03/30/12,103.03
04/02/12,105.25
04/03/12,104.02
04/04/12,101.53
04/05/12,103.29
04/09/12,102.45
04/10/12,101.12
04/11/12,102.66
04/12/12,103.69
04/13/12,102.84
04/16/12,102.92
04/17/12,104.23
04/18/12,102.65
04/19/12,102.38
04/20/12,103.58
04/23/12,102.68
04/24/12,103.1
04/25/12,103.72
04/26/12,104.56
04/27/12,104.86
04/30/12,104.89
05/01/12,106.17
05/02/12,105.25
05/03/12,102.56
05/04/12,98.49
05/07/12,97.86
05/08/12,97.13
05/09/12,96.8
05/10/12,97.1
05/11/12,96.03
05/14/12,94.75
05/15/12,93.97
05/16/12,92.78
05/17/12,92.53
05/18/12,91.51
05/21/12,92.57
05/22/12,91.44
05/23/12,89.4
05/24/12,90.36
05/25/12,90.64
05/29/12,90.75
05/30/12,87.79
05/31/12,86.52
06/01/12,83.17
06/04/12,83.95
06/05/12,84.31
06/06/12,85.05
06/07/12,84.78
06/08/12,84.08
06/11/12,82.58
06/12/12,83.35
06/13/12,82.56
06/14/12,83.83
06/15/12,84.03
06/18/12,83.26
06/19/12,83.99
06/20/12,81.06
06/21/12,77.91
06/22/12,79.33
06/25/12,78.76
06/26/12,79.34
06/27/12,80.27
06/28/12,77.72
06/29/12,85.04
07/02/12,83.72
07/03/12,87.74
07/05/12,87.11
07/06/12,84.37
07/09/12,85.93
07/10/12,83.92
07/11/12,85.88
07/12/12,86.02
07/13/12,87.15
07/16/12,88.41
07/17/12,89.07
07/18/12,89.88
07/19/12,92.78
07/20/12,91.56
07/23/12,87.77
07/24/12,88.28
07/25/12,88.8
07/26/12,89.4
07/27/12,90.13
07/30/12,89.8
07/31/12,88.08
08/01/12,88.99
08/02/12,87.22
08/03/12,91.4
08/06/12,92.3
08/07/12,93.68
08/08/12,93.39
08/09/12,93.39
08/10/12,92.94
08/13/12,92.76
08/14/12,93.4
08/15/12,94.35
08/16/12,95.66
08/17/12,96.0
08/20/12,96.03
08/21/12,96.55
08/22/12,96.89
08/23/12,95.87
08/24/12,95.78
08/27/12,95.54
08/28/12,96.3
08/29/12,95.5
08/30/12,94.61
08/31/12,96.47
09/04/12,95.34
09/05/12,95.37
09/06/12,95.58
09/07/12,96.41
09/10/12,96.52
09/11/12,97.03
09/12/12,97.02
09/13/12,98.3
09/14/12,98.94
09/17/12,96.51
09/18/12,95.25
09/19/12,91.97
09/20/12,92.14
09/21/12,92.64
09/24/12,91.68
09/25/12,91.07
09/26/12,89.92
09/27/12,91.89
09/28/12,92.18
10/01/12,92.44
10/02/12,91.88
10/03/12,88.19
10/04/12,91.69
10/05/12,89.87
10/08/12,89.43
10/09/12,92.42
10/10/12,91.24
10/11/12,92.19
10/12/12,91.83
10/15/12,91.84
10/16/12,92.07
10/17/12,92.04
10/18/12,92.0
10/19/12,90.0
10/22/12,88.3
10/23/12,86.65
10/24/12,85.39
10/25/12,85.59
10/26/12,85.84
10/29/12,85.52
10/30/12,85.65
10/31/12,86.23
11/01/12,87.05
11/02/12,84.9
11/05/12,85.64
11/06/12,88.62
11/07/12,84.5
11/08/12,85.07
11/09/12,86.08
11/12/12,85.56
11/13/12,85.38
11/14/12,86.32
11/15/12,85.45
11/16/12,86.62
11/19/12,89.05
11/20/12,86.46
11/21/12,87.08
11/23/12,87.01
11/26/12,87.28
11/27/12,86.81
11/28/12,86.1
11/29/12,87.64
11/30/12,88.54
12/03/12,88.69
12/04/12,88.04
12/05/12,87.36
12/06/12,85.47
12/07/12,85.45
12/10/12,85.14
12/11/12,85.36
12/12/12,86.35
12/13/12,85.39
12/14/12,86.32
12/17/12,86.71
12/18/12,87.46
12/19/12,89.09
12/20/12,89.76
12/21/12,88.2
12/24/12,88.29
12/26/12,90.71
12/27/12,90.91
12/28/12,90.66
12/31/12,91.83
01/02/13,93.14
01/03/13,92.97
01/04/13,93.12
01/07/13,93.2
01/08/13,93.21
01/09/13,93.08
01/10/13,93.81
01/11/13,93.6
01/14/13,94.27
01/15/13,93.26
01/16/13,94.28
01/17/13,95.49
01/18/13,95.61
01/22/13,96.09
01/23/13,95.06
01/24/13,95.35
01/25/13,95.15
01/28/13,95.95
01/29/13,97.62
01/30/13,97.98
01/31/13,97.65
02/01/13,97.46
02/04/13,96.21
02/05/13,96.68
02/06/13,96.44
02/07/13,95.84
02/08/13,95.71
02/11/13,97.01
02/12/13,97.48
02/13/13,97.03
02/14/13,97.3
02/15/13,95.95
02/19/13,96.69
02/20/13,94.92
02/21/13,92.79
02/22/13,93.12
02/25/13,92.74
02/26/13,92.63
02/27/13,92.84
02/28/13,92.03
03/01/13,90.71
03/04/13,90.13
03/05/13,90.88
03/06/13,90.47
03/07/13,91.53
03/08/13,92.01
03/11/13,92.07
03/12/13,92.44
03/13/13,92.47
03/14/13,93.03
03/15/13,93.49
03/18/13,93.71
03/19/13,92.44
03/20/13,93.21
03/21/13,92.46
03/22/13,93.41
03/25/13,94.55
03/26/13,95.99
03/27/13,96.53
03/28/13,97.24
04/01/13,97.1
04/02/13,97.23
04/03/13,95.02
04/04/13,93.26
04/05/13,92.76
04/08/13,93.36
04/09/13,94.18
04/10/13,94.59
04/11/13,93.44
04/12/13,91.23
04/15/13,88.75
04/16/13,88.73
04/17/13,86.65
04/18/13,87.83
04/19/13,88.04
04/22/13,88.81
04/23/13,89.21
04/24/13,91.07
04/25/13,93.27
04/26/13,92.63
04/29/13,94.09
04/30/13,93.22
05/01/13,90.74
05/02/13,93.7
05/03/13,95.25
05/06/13,95.8
05/07/13,95.28
05/08/13,96.24
05/09/13,96.09
05/10/13,95.81
05/13/13,94.76
05/14/13,93.96
05/15/13,93.95
05/16/13,94.85
05/17/13,95.72
05/20/13,96.29
05/21/13,95.55
05/22/13,93.98
05/23/13,94.12
05/24/13,93.84
05/28/13,94.65
05/29/13,93.13
05/30/13,93.57
05/31/13,91.93
06/03/13,93.41
06/04/13,93.36
06/05/13,93.66
06/06/13,94.71
06/07/13,96.11
06/10/13,95.82
06/11/13,95.5
06/12/13,95.98
06/13/13,96.66
06/14/13,97.83
06/17/13,97.86
06/18/13,98.46
06/19/13,98.24
06/20/13,94.89
06/21/13,93.81
06/24/13,95.07
06/25/13,95.25
06/26/13,95.47
06/27/13,97.0
06/28/13,96.36
07/01/13,97.94
07/02/13,99.65
07/03/13,101.92
07/05/13,103.09
07/08/13,103.03
07/09/13,103.46
07/10/13,106.41
07/11/13,104.77
07/12/13,105.85
07/15/13,106.2
07/16/13,105.88
07/17/13,106.39
07/18/13,107.94
07/19/13,108.0
07/22/13,106.61
07/23/13,107.13
07/24/13,105.41
07/25/13,105.47
07/26/13,104.76
07/29/13,104.61
07/30/13,103.14
07/31/13,105.1
08/01/13,107.93
08/02/13,106.94
08/05/13,106.61
08/06/13,105.32
08/07/13,104.41
08/08/13,103.45
08/09/13,106.04
08/12/13,106.19
08/13/13,106.78
08/14/13,106.89
08/15/13,107.43
08/16/13,107.58
08/19/13,107.14
08/20/13,104.9
08/21/13,103.93
08/22/13,104.93
08/23/13,106.48
08/26/13,105.88
08/27/13,109.11
08/28/13,110.17
08/29/13,108.51
08/30/13,107.98
09/03/13,108.67
09/04/13,107.29
09/05/13,108.5
09/06/13,110.62
09/09/13,109.62
09/10/13,107.48
09/11/13,107.65
09/12/13,108.72
09/13/13,108.31
09/16/13,106.54
09/17/13,105.36
09/18/13,108.23
09/19/13,106.26
09/20/13,104.7
09/23/13,103.62
09/24/13,103.22
09/25/13,102.68
09/26/13,103.1
09/27/13,102.86
09/30/13,102.36
10/01/13,102.09
10/02/13,104.15
10/03/13,103.29
10/04/13,103.83
10/07/13,103.07
10/08/13,103.54
10/09/13,101.63
10/10/13,103.08
10/11/13,102.17
10/14/13,102.46
10/15/13,101.15
10/16/13,102.34
10/17/13,100.72
10/18/13,100.87
10/21/13,99.28
10/22/13,97.63
10/23/13,96.9
10/24/13,96.65
10/25/13,97.4
10/28/13,98.74
10/29/13,98.29
10/30/13,96.81
10/31/13,96.29
11/01/13,94.56
11/04/13,94.58
11/05/13,93.4
11/06/13,94.74
11/07/13,94.25
11/08/13,94.56
11/11/13,95.13
11/12/13,93.12
11/13/13,93.91
11/14/13,93.76
11/15/13,93.8
11/18/13,93.03
11/19/13,93.35
11/20/13,93.34
11/21/13,95.35
11/22/13,94.53
11/25/13,93.86
11/26/13,93.41
11/27/13,92.05
11/29/13,92.55
12/02/13,93.61
12/03/13,95.83
12/04/13,96.97
12/05/13,97.14
12/06/13,97.48
12/09/13,97.1
12/10/13,98.32
12/11/13,97.25
12/12/13,97.21
12/13/13,96.27
12/16/13,97.18
12/17/13,96.99
12/18/13,97.59
12/19/13,98.4
12/20/13,99.11
12/23/13,98.62
12/24/13,98.87
12/26/13,99.18
12/27/13,99.94
12/30/13,98.9
12/31/13,98.17
01/02/14,95.14
01/03/14,93.66
01/06/14,93.12
01/07/14,93.31
01/08/14,91.9
01/09/14,91.36
01/10/14,92.39
01/13/14,91.45
01/14/14,92.15
01/15/14,93.78
01/16/14,93.54
01/17/14,93.96
01/21/14,94.51
01/22/14,96.35
01/23/14,97.23
01/24/14,96.66
01/27/14,95.82
01/28/14,97.49
01/29/14,97.34
01/30/14,98.25
01/31/14,97.55
02/03/14,96.44
02/04/14,97.24
02/05/14,97.4
02/06/14,97.84
02/07/14,99.98
02/10/14,100.12
02/11/14,99.96
02/12/14,100.38
02/13/14,100.27
02/14/14,100.31
02/18/14,102.54
02/19/14,103.46
02/20/14,103.2
02/21/14,102.53
02/24/14,103.17
02/25/14,102.2
02/26/14,102.93
02/27/14,102.68
02/28/14,102.88
03/03/14,105.34
03/04/14,103.64
03/05/14,101.75
03/06/14,101.82
03/07/14,102.82
03/10/14,101.39
03/11/14,100.29
03/12/14,98.29
03/13/14,98.57
03/14/14,99.23
03/17/14,98.43
03/18/14,100.08
03/19/14,100.71
03/20/14,99.68
03/21/14,99.97
03/24/14,100.05
03/25/14,99.66
03/26/14,100.61
03/27/14,101.25
03/28/14,101.73
03/31/14,101.57
04/01/14,99.69
04/02/14,99.6
04/03/14,100.29
04/04/14,101.16
04/07/14,100.43
04/08/14,102.57
04/09/14,103.55
04/10/14,103.37
04/11/14,103.68
04/14/14,104.05
04/15/14,103.7
04/16/14,103.71
04/17/14,104.33
04/21/14,104.35
04/22/14,101.69
04/23/14,101.47
04/24/14,102.2
04/25/14,100.85
04/28/14,101.13
04/29/14,101.56
04/30/14,100.07
05/01/14,99.69
05/02/14,100.09
05/05/14,99.74
05/06/14,99.81
05/07/14,101.06
05/08/14,100.52
05/09/14,100.32
05/12/14,100.89
05/13/14,102.01
05/14/14,102.63
05/15/14,101.74
05/16/14,102.31
05/19/14,102.95
05/20/14,102.8
05/21/14,104.31
05/22/14,104.03
05/23/14,105.01
05/27/14,104.78
05/28/14,103.37
05/29/14,104.26
05/30/14,103.4
06/02/14,103.07
06/03/14,103.34
06/04/14,103.27
06/05/14,103.17
06/06/14,103.32
06/09/14,105.09
06/10/14,105.02
06/11/14,105.04
06/12/14,107.2
06/13/14,107.49
06/16/14,107.52
06/17/14,106.95
06/18/14,106.64
06/19/14,107.08
06/20/14,107.95
06/23/14,106.83
06/24/14,106.64
06/25/14,107.04
06/26/14,106.49
06/27/14,106.46
06/30/14,106.07
07/01/14,106.06
07/02/14,105.18
07/03/14,104.76
07/07/14,104.19
07/08/14,104.06
07/09/14,102.93
07/10/14,103.61
07/11/14,101.48
07/14/14,101.73
07/15/14,100.56
07/16/14,101.88
07/17/14,103.84
07/18/14,103.83
07/21/14,105.34
07/22/14,104.59
07/23/14,103.81
07/24/14,102.76
07/25/14,105.23
07/28/14,105.68
07/29/14,104.91
07/30/14,104.29
07/31/14,98.23
08/01/14,97.86
08/04/14,98.26
08/05/14,97.34
08/06/14,96.93
08/07/14,97.34
08/08/14,97.61
08/11/14,98.09
08/12/14,97.36
08/13/14,97.57
08/14/14,95.54
08/15/14,97.3
08/18/14,96.44
08/19/14,94.35
08/20/14,96.4
08/21/14,93.97
08/22/14,93.61
08/25/14,95.39
08/26/14,95.78
08/27/14,95.82
08/28/14,96.44
08/29/14,97.86
09/02/14,92.92
09/03/14,95.5
09/04/14,94.51
09/05/14,93.32
09/08/14,92.64
09/09/14,92.73
09/10/14,91.71
09/11/14,92.89
09/12/14,92.18
09/15/14,92.86
09/16/14,94.91
09/17/14,94.33
09/18/14,93.07
09/19/14,92.43
09/22/14,91.46
09/23/14,91.55
09/24/14,93.6
09/25/14,93.59
09/26/14,95.55
09/29/14,94.53
09/30/14,91.17
10/01/14,90.74
10/02/14,91.02
10/03/14,89.76
10/06/14,90.33
10/07/14,88.89
10/08/14,87.29
10/09/14,85.76
10/10/14,85.87
10/13/14,85.73
10/14/14,81.72
10/15/14,81.82
10/16/14,82.33
10/17/14,82.8
10/20/14,82.76
10/21/14,83.25
10/22/14,80.52
10/23/14,82.81
10/24/14,81.27
10/27/14,81.26
10/28/14,81.36
10/29/14,82.25
10/30/14,81.06
10/31/14,80.53
11/03/14,78.77
11/04/14,77.15
11/05/14,78.71
11/06/14,77.87
11/07/14,78.71
11/10/14,77.43
11/11/14,77.85
11/12/14,77.16
11/13/14,74.13
11/14/14,75.91
11/17/14,75.64
11/18/14,74.55
11/19/14,74.55
11/20/14,75.63
11/21/14,76.52
11/24/14,75.74
11/25/14,74.04
11/26/14,73.7
11/28/14,65.94
12/01/14,68.98
12/02/14,66.99
12/03/14,67.3
12/04/14,66.73
12/05/14,65.89
12/08/14,63.13
12/09/14,63.74
12/10/14,60.99
12/11/14,60.01
12/12/14,57.81
12/15/14,55.96
12/16/14,55.97
12/17/14,56.43
12/18/14,54.18
12/19/14,56.91
12/22/14,55.25
12/23/14,56.78
12/24/14,55.7
12/26/14,54.59
12/29/14,53.46
12/30/14,54.14
12/31/14,53.45
01/02/15,52.72
01/05/15,50.05
01/06/15,47.98
01/07/15,48.69
01/08/15,48.8
01/09/15,48.35
01/12/15,46.06
01/13/15,45.92
01/14/15,48.49
01/15/15,46.37
01/16/15,48.49
01/20/15,46.79
01/21/15,47.85
01/22/15,45.93
01/23/15,45.26
01/26/15,44.8
01/27/15,45.84
01/28/15,44.08
01/29/15,44.12
01/30/15,47.79
02/02/15,49.25
02/03/15,53.04
02/04/15,48.45
02/05/15,50.48
02/06/15,51.66
02/09/15,52.99
02/10/15,50.06
02/11/15,48.8
02/12/15,51.17
02/13/15,52.66
02/17/15,53.56
02/18/15,52.13
02/19/15,51.12
02/20/15,49.95
02/23/15,49.56
02/24/15,48.48
02/25/15,50.25
02/26/15,47.65
02/27/15,49.84
03/02/15,49.59
03/03/15,50.43
03/04/15,51.53
03/05/15,50.76
03/06/15,49.61
03/09/15,49.95
03/10/15,48.42
03/11/15,48.06
03/12/15,47.12
03/13/15,44.88
03/16/15,43.93
03/17/15,43.39
03/18/15,44.63
03/19/15,44.02
03/20/15,46.0
03/23/15,47.4
03/24/15,47.03
03/25/15,48.75
03/26/15,51.41
03/27/15,48.83
03/30/15,48.66
03/31/15,47.72
04/01/15,50.12
04/02/15,49.13
04/06/15,52.08
04/07/15,53.95
04/08/15,50.44
04/09/15,50.79
04/10/15,51.63
04/13/15,51.95
04/14/15,53.3
04/15/15,56.25
04/16/15,56.69
04/17/15,55.71
04/20/15,56.37
04/21/15,55.58
04/22/15,56.17
04/23/15,56.59
04/24/15,55.98
04/27/15,55.56
04/28/15,57.05
04/29/15,58.55
04/30/15,59.62
05/01/15,59.1
05/04/15,58.92
05/05/15,60.38
05/06/15,60.93
05/07/15,58.99
05/08/15,59.41
05/11/15,59.23
05/12/15,60.72
05/13/15,60.5
05/14/15,59.89
05/15/15,59.73
05/18/15,59.44
05/19/15,57.3
05/20/15,58.96
05/21/15,60.18
05/22/15,58.88
05/26/15,57.29
05/27/15,57.51
05/28/15,57.69
05/29/15,60.25
06/01/15,60.24
06/02/15,61.3
06/03/15,59.67
06/04/15,58.0
06/05/15,59.11
06/08/15,58.15
06/09/15,60.15
06/10/15,61.36
06/11/15,60.74
06/12/15,59.96
06/15/15,59.53
06/16/15,60.01
06/17/15,59.89
06/18/15,60.41
06/19/15,59.62
06/22/15,60.01
06/23/15,61.05
06/24/15,60.01
06/25/15,59.59
06/26/15,59.41
06/29/15,58.34
06/30/15,59.48
07/01/15,56.94
07/02/15,56.93
07/06/15,52.48
07/07/15,52.33
07/08/15,51.61
07/09/15,52.76
07/10/15,52.74
07/13/15,52.19
07/14/15,53.05
07/15/15,51.4
07/16/15,50.9
07/17/15,50.88
07/20/15,50.11
07/21/15,50.59
07/22/15,49.27
07/23/15,48.11
07/24/15,47.98
07/27/15,47.17
07/28/15,47.97
07/29/15,48.77
07/30/15,48.53
07/31/15,47.11
08/03/15,45.25
08/04/15,45.75
08/05/15,45.13
08/06/15,44.69
08/07/15,43.87
08/10/15,44.94
08/11/15,43.11
08/12/15,43.22
08/13/15,42.27
08/14/15,42.45
08/17/15,41.93
08/18/15,42.58
08/19/15,40.75
08/20/15,41.0
08/21/15,40.45
08/24/15,38.22
08/25/15,39.15
08/26/15,38.5
08/27/15,42.47
08/28/15,45.29
08/31/15,49.2
09/01/15,45.38
09/02/15,46.3
09/03/15,46.75
09/04/15,46.02
09/08/15,45.92
09/09/15,44.13
09/10/15,45.85
09/11/15,44.75
09/14/15,44.07
09/15/15,44.58
09/16/15,47.12
09/17/15,46.93
09/18/15,44.71
09/21/15,46.67
09/22/15,46.17
09/23/15,44.53
09/24/15,44.94
09/25/15,45.55
09/28/15,44.4
09/29/15,45.24
09/30/15,45.06
10/01/15,44.75
10/02/15,45.54
10/05/15,46.28
10/06/15,48.53
10/07/15,47.86
10/08/15,49.46
10/09/15,49.67
10/12/15,47.09
10/13/15,46.7
10/14/15,46.63
10/15/15,46.38
10/16/15,47.3
10/19/15,45.91
10/20/15,45.84
10/21/15,45.22
10/22/15,44.9
10/23/15,43.91
10/26/15,43.19
10/27/15,43.21
10/28/15,45.93
10/29/15,46.02
10/30/15,46.6
11/02/15,46.12
11/03/15,47.88
11/04/15,46.32
11/05/15,45.27
11/06/15,44.32
11/09/15,43.87
11/10/15,44.23
11/11/15,42.95
11/12/15,41.74
11/13/15,40.69
11/16/15,41.68
11/17/15,40.73
11/18/15,40.75
11/19/15,40.55
11/20/15,39.39
11/23/15,39.27
11/24/15,40.89
11/25/15,41.22
11/27/15,40.57
11/30/15,40.43
12/01/15,40.58
12/02/15,39.93
12/03/15,41.08
12/04/15,40.0
12/07/15,37.64
12/08/15,37.46
12/09/15,37.16
12/10/15,36.76
12/11/15,35.65
12/14/15,36.31
12/15/15,37.32
12/16/15,35.55
12/17/15,34.98
12/18/15,34.72
12/21/15,34.55
12/22/15,36.12
12/23/15,36.76
12/24/15,37.62
12/28/15,36.36
12/29/15,37.88
12/30/15,36.59
12/31/15,37.13
01/04/16,36.81
01/05/16,35.97
01/06/16,33.97
01/07/16,33.29
01/08/16,33.2
01/11/16,31.42
01/12/16,30.42
01/13/16,30.42
01/14/16,31.22
01/15/16,29.45
01/19/16,28.47
01/20/16,26.68
01/21/16,29.55
01/22/16,32.07
01/25/16,30.31
01/26/16,29.54
01/27/16,32.32
01/28/16,33.21
01/29/16,33.66
02/01/16,31.62
02/02/16,29.9
02/03/16,32.29
02/04/16,31.63
02/05/16,30.86
02/08/16,29.71
02/09/16,27.96
02/10/16,27.54
02/11/16,26.19
02/12/16,29.32
02/16/16,29.05
02/17/16,30.68
02/18/16,30.77
02/19/16,29.59
02/22/16,31.37
02/23/16,31.84
02/24/16,30.35
02/25/16,31.4
02/26/16,31.65
02/29/16,32.74
03/01/16,34.39
03/02/16,34.57
03/03/16,34.56
03/04/16,35.91
03/07/16,37.9
03/08/16,36.67
03/09/16,37.62
03/10/16,37.77
03/11/16,38.51
03/14/16,37.2
03/15/16,36.32
03/16/16,38.43
03/17/16,40.17
03/18/16,39.47
03/21/16,39.91
03/22/16,41.45
03/23/16,38.28
03/24/16,38.14
03/28/16,37.99
03/29/16,36.91
03/30/16,36.91
03/31/16,36.94
04/01/16,35.36
04/04/16,34.3
04/05/16,34.52
04/06/16,37.74
04/07/16,37.3
04/08/16,39.74
04/11/16,40.46
04/12/16,42.12
04/13/16,41.7
04/14/16,41.45
04/15/16,40.4
04/18/16,39.74
04/19/16,40.88
04/20/16,42.72
04/21/16,43.18
04/22/16,42.76
04/25/16,41.67
04/26/16,42.52
04/27/16,45.29
04/28/16,46.03
04/29/16,45.98
05/02/16,44.75
05/03/16,43.65
05/04/16,43.77
05/05/16,44.33
05/06/16,44.58
05/09/16,43.45
05/10/16,44.68
05/11/16,46.21
05/12/16,46.64
05/13/16,46.22
05/16/16,47.72
05/17/16,48.29
05/18/16,48.12
05/19/16,48.16
05/20/16,47.67
05/23/16,48.12
05/24/16,48.04
05/25/16,49.1
05/26/16,49.0
05/27/16,49.36
05/31/16,49.1
06/01/16,49.07
06/02/16,49.14
06/03/16,48.69
06/06/16,49.71
06/07/16,50.37
06/08/16,51.23
06/09/16,50.52
06/10/16,49.09
06/13/16,48.89
06/14/16,48.49
06/15/16,47.92
06/16/16,46.14
06/17/16,48.0
06/20/16,49.4
06/21/16,48.95
06/22/16,49.16
06/23/16,49.34
06/24/16,46.7
06/27/16,45.8
06/28/16,47.93
06/29/16,49.85
06/30/16,48.27
07/01/16,49.02
07/05/16,46.73
07/06/16,47.37
07/07/16,45.22
07/08/16,45.37
07/11/16,44.73
07/12/16,46.82
07/13/16,44.87
07/14/16,45.64
07/15/16,45.93
07/18/16,45.23
07/19/16,44.64
07/20/16,44.96
07/21/16,43.96
07/22/16,43.41
07/25/16,42.4
07/26/16,42.16
07/27/16,41.9
07/28/16,41.13
07/29/16,41.54
08/01/16,40.05
08/02/16,39.5
08/03/16,40.8
08/04/16,41.92
08/05/16,41.83
08/08/16,43.06
08/09/16,42.78
08/10/16,41.75
08/11/16,43.51
08/12/16,44.47
08/15/16,45.72
08/16/16,46.57
08/17/16,46.81
08/18/16,48.2
08/19/16,48.48
08/22/16,46.8
08/23/16,47.54
08/24/16,46.29
08/25/16,46.97
08/26/16,47.64
08/29/16,46.97
08/30/16,46.32
08/31/16,44.68
09/01/16,43.17
09/02/16,44.39
09/06/16,44.85
09/07/16,45.47
09/08/16,47.63
09/09/16,45.88
09/12/16,46.28
09/13/16,44.91
09/14/16,43.62
09/15/16,43.85
09/16/16,43.04
09/19/16,43.34
09/20/16,43.85
09/21/16,45.33
09/22/16,46.1
09/23/16,44.36
09/26/16,45.6
09/27/16,44.65
09/28/16,47.07
09/29/16,47.72
09/30/16,47.72
10/03/16,48.8
10/04/16,48.67
10/05/16,49.75
10/06/16,50.44
10/07/16,49.76
10/10/16,49.76
10/11/16,50.72
10/12/16,50.14
10/13/16,50.47
10/14/16,50.35
10/17/16,49.97
10/18/16,50.3
10/19/16,51.59
10/20/16,50.31
10/21/16,50.61
10/24/16,50.18
10/25/16,49.45
10/26/16,48.75
10/27/16,49.71
10/28/16,48.72
10/31/16,46.83
11/01/16,46.66
11/02/16,45.32
11/03/16,44.66
11/04/16,44.07
11/07/16,44.88
11/08/16,44.96
11/09/16,45.2
11/10/16,44.62
11/11/16,43.39
11/14/16,43.29
11/15/16,45.86
11/16/16,45.56
11/17/16,45.37
11/18/16,45.69
11/21/16,47.48
11/22/16,48.07
11/23/16,46.72
11/25/16,46.72
11/28/16,45.66
11/29/16,45.29
11/30/16,49.41
12/01/16,51.08
12/02/16,51.7
12/05/16,51.72
12/06/16,50.95
12/07/16,49.85
12/08/16,50.84
12/09/16,51.51
12/12/16,52.74
12/13/16,52.99
12/14/16,51.01
12/15/16,50.9
12/16/16,51.93
12/19/16,52.13
12/20/16,52.22
12/21/16,51.44
12/22/16,51.98
12/23/16,52.01
12/27/16,52.82
12/28/16,54.01
12/29/16,53.8
12/30/16,53.75
01/03/17,52.36
01/04/17,53.26
01/05/17,53.77
01/06/17,53.98
01/09/17,51.95
01/10/17,50.82
01/11/17,52.19
01/12/17,53.01
01/13/17,52.36
01/17/17,52.45
01/18/17,51.12
01/19/17,51.39
01/20/17,52.33
01/23/17,52.77
01/24/17,52.38
01/25/17,52.14
01/26/17,53.24
01/27/17,53.18
01/30/17,52.63
01/31/17,52.75
02/01/17,53.9
02/02/17,53.55
02/03/17,53.81
02/06/17,53.01
02/07/17,52.19
02/08/17,52.37
02/09/17,52.99
02/10/17,53.84
02/13/17,52.96
02/14/17,53.21
02/15/17,53.11
02/16/17,53.41
02/17/17,53.41
02/21/17,54.02
02/22/17,53.61
02/23/17,54.48
02/24/17,53.99
02/27/17,54.04
02/28/17,54.0
03/01/17,53.82
03/02/17,52.63
03/03/17,53.33
03/06/17,53.19
03/07/17,52.68
03/08/17,49.83
03/09/17,48.75
03/10/17,48.05
03/13/17,47.95
03/14/17,47.24
03/15/17,48.34
03/16/17,48.3
03/17/17,48.34
03/20/17,47.79
03/21/17,47.02
03/22/17,47.29
03/23/17,47.0
03/24/17,47.3
03/27/17,47.02
03/28/17,48.36
03/29/17,49.47
03/30/17,50.3
03/31/17,50.54
04/03/17,50.25
04/04/17,50.99
04/05/17,51.14
04/06/17,51.69
04/07/17,52.25
04/10/17,53.06
04/11/17,53.38
04/12/17,53.12
04/13/17,53.19
04/17/17,52.62
04/18/17,52.46
04/19/17,50.49
04/20/17,50.26
04/21/17,49.64
04/24/17,48.9
04/25/17,49.22
04/26/17,49.22
04/27/17,48.96
04/28/17,49.31
05/01/17,48.83
05/02/17,47.65
05/03/17,47.79
05/04/17,45.55
05/05/17,46.23
05/08/17,46.46
05/09/17,45.84
05/10/17,47.28
05/11/17,47.81
05/12/17,47.83
05/15/17,48.86
05/16/17,48.64
05/17/17,49.04
05/18/17,49.36
05/19/17,50.32
05/22/17,50.81
05/23/17,51.12
05/24/17,50.99
05/25/17,48.57
05/26/17,49.58
05/30/17,49.63
05/31/17,48.29
06/01/17,48.32
06/02/17,47.68
06/05/17,47.4
06/06/17,48.13
06/07/17,45.8
06/08/17,45.68
06/09/17,45.82
06/12/17,46.1
06/13/17,46.41
06/14/17,44.79
06/15/17,44.47
06/16/17,44.73
06/19/17,44.24
06/20/17,43.34
06/21/17,42.48
06/22/17,42.53
06/23/17,42.86
06/26/17,43.24
06/27/17,44.25
06/28/17,44.74
06/29/17,44.88
06/30/17,46.02
07/05/17,45.11
07/06/17,45.52
07/07/17,44.25
07/10/17,44.4
07/11/17,45.06
07/12/17,45.48
07/13/17,46.06
07/14/17,46.53
07/17/17,46.02
07/18/17,46.4
07/19/17,47.1
07/20/17,46.73
07/21/17,45.78
07/24/17,46.21
07/25/17,47.77
07/26/17,48.58
07/27/17,49.05
07/28/17,49.72
07/31/17,50.21
08/01/17,49.19
08/02/17,49.6
08/03/17,49.03
08/04/17,49.57
08/07/17,49.37
08/08/17,49.07
08/09/17,49.59
08/10/17,48.54
08/11/17,48.81
08/14/17,47.59
08/15/17,47.57
08/16/17,46.8
08/17/17,47.07
08/18/17,48.59
08/21/17,47.39
08/22/17,47.65
08/23/17,48.45
08/24/17,47.24
08/25/17,47.65
08/28/17,46.4
08/29/17,46.46
08/30/17,45.96
08/31/17,47.26
09/01/17,47.32
09/05/17,48.63
09/06/17,49.13
09/07/17,49.1
09/08/17,47.44
09/11/17,48.06
09/12/17,48.21
09/13/17,49.3
09/14/17,49.86
09/15/17,49.9
09/18/17,49.88
09/19/17,49.54
09/20/17,50.29
09/21/17,50.58
09/22/17,50.33
09/25/17,51.85
09/26/17,51.59
09/27/17,52.14
09/28/17,51.62
09/29/17,51.67
10/02/17,50.59
10/03/17,50.44
10/04/17,50.0
10/05/17,50.79
10/06/17,49.34
10/09/17,49.58
10/10/17,50.93
10/11/17,51.3
10/12/17,50.61
10/13/17,51.43
10/16/17,51.86
10/17/17,51.87
10/18/17,52.05
10/19/17,51.29
10/20/17,51.63
10/23/17,51.91
10/24/17,52.32
10/25/17,51.97
10/26/17,52.41
10/27/17,53.92
10/30/17,54.11
10/31/17,54.36
11/01/17,54.32
11/02/17,54.55
11/03/17,55.63
11/06/17,57.34
11/07/17,57.19
11/08/17,56.82
11/09/17,57.16
11/10/17,56.75
11/13/17,56.77
11/14/17,55.67
11/15/17,55.28
11/16/17,55.14
11/17/17,56.21
11/20/17,56.21
11/21/17,56.84
11/22/17,57.88
11/24/17,58.94
11/27/17,58.1
11/28/17,57.96
11/29/17,57.25
11/30/17,57.4
12/01/17,58.35
12/04/17,57.48
12/05/17,57.66
12/06/17,55.79
12/07/17,56.5
12/08/17,57.15
12/11/17,57.84
12/12/17,57.12
12/13/17,56.59
12/14/17,57.0
12/15/17,57.29
12/18/17,57.17
12/19/17,57.49
12/20/17,58.09
12/21/17,58.34
12/22/17,58.25
12/26/17,59.55
12/27/17,59.67
12/28/17,59.84
12/29/17,60.46
